,,Life expectancy at birth (years),Life expectancy at birth (years),Life expectancy at birth (years),Life expectancy at age 60 (years),Life expectancy at age 60 (years),Life expectancy at age 60 (years),Healthy life expectancy (HALE) at birth (years),Healthy life expectancy (HALE) at birth (years),Healthy life expectancy (HALE) at birth (years),Healthy life expectancy (HALE) at age 60 (years),Healthy life expectancy (HALE) at age 60 (years),Healthy life expectancy (HALE) at age 60 (years)
Country,Year,Both sexes,Male,Female,Both sexes,Male,Female,Both sexes,Male,Female,Both sexes,Male,Female
Afghanistan,2016,62.7,61,64.5,16.3,15.5,17.1,53,52.1,54.1,11.3,10.9,11.7
Afghanistan,2015,63.2,61.8,64.7,16.3,15.5,17.1,53.2,52.6,54.1,11.2,10.8,11.6
Afghanistan,2014,63,61.7,64.4,16.2,15.4,17,,,,,,
Afghanistan,2013,62.7,61.5,64.1,16.2,15.4,16.9,,,,,,
Afghanistan,2012,62.2,60.9,63.6,16.1,15.3,16.8,,,,,,
Afghanistan,2011,61.7,60.5,63.1,16,15.3,16.8,,,,,,
Afghanistan,2010,61.2,59.9,62.5,15.9,15.2,16.7,51.6,50.9,52.3,11,10.6,11.3
Afghanistan,2009,60.7,59.5,62.1,15.9,15.1,16.6,,,,,,
Afghanistan,2008,60.2,59,61.6,15.8,15,16.6,,,,,,
Afghanistan,2007,59.6,58.4,61,15.7,15,16.5,,,,,,
Afghanistan,2006,59.2,58,60.5,15.6,14.9,16.4,,,,,,
Afghanistan,2005,58.9,57.8,60.1,15.5,14.8,16.3,49.6,49.1,50.2,10.7,10.4,11
Afghanistan,2004,58.4,57.4,59.6,15.4,14.7,16.2,,,,,,
Afghanistan,2003,58,56.9,59.1,15.4,14.7,16.1,,,,,,
Afghanistan,2002,57.4,56.5,58.5,15.2,14.5,16,,,,,,
Afghanistan,2001,56.5,55.3,57.9,15.2,14.5,15.9,,,,,,
Afghanistan,2000,55.9,54.6,57.3,15.1,14.5,15.9,46.9,46.2,47.7,10.3,10.1,10.6
Albania,2016,76.4,74.3,78.6,20.8,19.4,22.3,68.1,66.7,69.6,16.3,15.3,17.4
Albania,2015,76.1,74.2,78.2,20.4,19.1,21.8,67.8,66.5,69.3,16,15.1,16.9
Albania,2014,76.1,74,78.5,20.7,19.3,22.2,,,,,,
Albania,2013,75.7,73.6,78.1,20.4,19,22,,,,,,
Albania,2012,75.2,73,77.7,19.9,18.5,21.6,,,,,,
Albania,2011,75.1,72.6,78.2,20.2,18.3,22.7,,,,,,
Albania,2010,74.7,72.5,77,19.8,18.6,21.2,66.4,64.7,68.2,15.4,14.5,16.4
Albania,2009,74.4,72.3,76.7,19.6,18.4,20.9,,,,,,
Albania,2008,74.2,72.1,76.5,19.4,18.1,20.7,,,,,,
Albania,2007,74.1,71.9,76.4,19.2,17.9,20.5,,,,,,
Albania,2006,73.9,71.8,76.2,19,17.8,20.3,,,,,,
Albania,2005,73.5,71.6,75.6,18.9,17.7,20.4,65.4,64,67,14.7,13.8,15.8
Albania,2004,73.3,71,75.8,18.6,17.2,20.1,,,,,,
Albania,2003,72.9,70.8,75.2,18.4,17.1,19.8,,,,,,
Albania,2002,73.5,71.4,75.9,19.1,17.7,20.5,,,,,,
Albania,2001,74,71.6,76.7,19.6,18.1,21.3,,,,,,
Albania,2000,73.1,70.4,76,18.9,17.3,20.8,64.9,62.9,67.2,14.7,13.5,16.1
Algeria,2016,76.4,75.4,77.4,21.9,21.4,22.5,65.5,65.4,65.6,15.8,15.7,15.8
Algeria,2015,76.2,75.3,77.2,21.8,21.3,22.3,65.3,65.2,65.4,15.6,15.6,15.7
Algeria,2014,76.1,75.1,77.1,21.7,21.2,22.2,,,,,,
Algeria,2013,75.9,75,76.9,21.6,21.1,22.1,,,,,,
Algeria,2012,75.8,74.8,76.8,21.5,21,22,,,,,,
Algeria,2011,75.6,74.6,76.6,21.4,20.9,21.9,,,,,,
Algeria,2010,75.4,74.4,76.4,21.3,20.7,21.8,64.5,64.4,64.6,15.1,15.1,15.1
Algeria,2009,75.1,74.1,76.1,21.1,20.6,21.7,,,,,,
Algeria,2008,74.8,73.8,75.8,21,20.5,21.5,,,,,,
Algeria,2007,74.4,73.4,75.5,20.9,20.3,21.4,,,,,,
Algeria,2006,74,72.9,75,20.6,20.1,21.2,,,,,,
Algeria,2005,73.4,72.3,74.6,20.4,19.8,20.9,62.8,62.7,63,14.4,14.4,14.5
Algeria,2004,72.8,71.6,74,20.1,19.4,20.7,,,,,,
Algeria,2003,72,70.7,73.3,19.7,19,20.4,,,,,,
Algeria,2002,71.7,70.4,73,19.5,18.8,20.2,,,,,,
Algeria,2001,71.2,69.9,72.5,19.2,18.4,19.9,,,,,,
Algeria,2000,70.8,69.4,72.2,18.9,18.2,19.7,60.7,60.3,61.2,13.4,13.2,13.7
Angola,2016,62.6,60.3,64.9,17.3,16.5,18.1,55.8,53.8,57.7,13.6,12.9,14.3
Angola,2015,62.2,59.9,64.5,17.3,16.4,18.1,55.3,53.3,57.3,13.5,12.8,14.2
Angola,2014,61.7,59.4,64,17.2,16.3,18,,,,,,
Angola,2013,61,58.8,63.3,17.1,16.2,17.9,,,,,,
Angola,2012,60.4,58.1,62.6,17,16.2,17.8,,,,,,
Angola,2011,59.5,57.2,61.8,16.9,16,17.6,,,,,,
Angola,2010,58.4,56.1,60.7,16.7,15.8,17.4,51.8,49.9,53.7,12.8,12.1,13.4
Angola,2009,57.3,55,59.6,16.5,15.7,17.2,,,,,,
Angola,2008,56.1,53.9,58.4,16.3,15.5,17,,,,,,
Angola,2007,55,52.8,57.2,16.1,15.3,16.8,,,,,,
Angola,2006,53.8,51.7,56,15.9,15.1,16.6,,,,,,
Angola,2005,52.7,50.6,54.8,15.8,15,16.4,46.7,44.9,48.4,12,11.3,12.6
Angola,2004,51.5,49.4,53.7,15.6,14.8,16.2,,,,,,
Angola,2003,50.5,48.4,52.6,15.4,14.6,16,,,,,,
Angola,2002,49.4,47.3,51.5,15.2,14.4,15.8,,,,,,
Angola,2001,48.2,46,50.4,15,14.2,15.6,,,,,,
Angola,2000,47.3,45.2,49.5,14.7,13.9,15.4,41.9,40.1,43.7,11.2,10.5,11.8
Antigua and Barbuda,2016,75,72.5,77.5,19.7,17.7,21.7,67,65.2,68.8,15.6,14,17.1
Antigua and Barbuda,2015,75,72.5,77.4,19.7,17.7,21.6,66.9,65.1,68.6,15.6,14,17
Antigua and Barbuda,2014,74.6,72.1,77.1,19.5,17.5,21.5,,,,,,
Antigua and Barbuda,2013,74.8,72.5,77,19.8,18,21.4,,,,,,
Antigua and Barbuda,2012,74.8,72.5,77,19.9,18.2,21.5,,,,,,
Antigua and Barbuda,2011,75,72.6,77.2,20.1,18.5,21.5,,,,,,
Antigua and Barbuda,2010,74.7,72.4,76.9,20.2,18.7,21.4,66.5,64.8,68.1,15.8,14.6,16.7
Antigua and Barbuda,2009,74.5,72.1,76.7,20.1,18.6,21.5,,,,,,
Antigua and Barbuda,2008,74,71.6,76.3,20,18.2,21.6,,,,,,
Antigua and Barbuda,2007,73.8,71.3,76.2,19.8,18.1,21.4,,,,,,
Antigua and Barbuda,2006,73.5,71.3,75.6,19.6,18.2,20.9,,,,,,
Antigua and Barbuda,2005,73.4,71.4,75.3,19.4,18.3,20.3,65.4,64,66.9,15.2,14.4,15.9
Antigua and Barbuda,2004,73.3,71.5,75.1,19.2,18.1,20.2,,,,,,
Antigua and Barbuda,2003,73.3,71.4,75.2,19.2,17.8,20.4,,,,,,
Antigua and Barbuda,2002,73.4,71.1,75.7,19.3,17.6,20.8,,,,,,
Antigua and Barbuda,2001,73,70.3,75.5,19.1,17.2,20.9,,,,,,
Antigua and Barbuda,2000,72.5,69.7,75.1,18.6,16.6,20.4,64.6,62.5,66.6,14.6,13.1,16
Argentina,2016,76.9,73.5,80.3,21.8,19.2,24.1,68.4,65.9,70.7,17.3,15.3,19.1
Argentina,2015,76.8,73.3,80.1,21.7,19.1,24,68.2,65.7,70.5,17.2,15.2,19
Argentina,2014,76.7,73.2,80,21.7,19.1,23.9,,,,,,
Argentina,2013,76.3,72.8,79.7,21.4,18.8,23.7,,,,,,
Argentina,2012,76.2,72.7,79.7,21.4,18.8,23.8,,,,,,
Argentina,2011,76,72.5,79.3,21.2,18.7,23.4,,,,,,
Argentina,2010,75.7,72.3,79,21,18.4,23.2,67.3,64.9,69.7,16.6,14.6,18.4
Argentina,2009,75.8,72.3,79.2,21.3,18.6,23.6,,,,,,
Argentina,2008,75.7,72,79.2,21.2,18.5,23.5,,,,,,
Argentina,2007,75,71.5,78.5,20.5,17.9,22.8,,,,,,
Argentina,2006,75.4,71.9,78.9,20.9,18.3,23.2,,,,,,
Argentina,2005,75.1,71.6,78.6,20.6,18,23,66.7,64.2,69.3,16.3,14.3,18.1
Argentina,2004,74.9,71.4,78.3,20.5,17.9,22.8,,,,,,
Argentina,2003,74.2,70.6,77.9,20.1,17.5,22.5,,,,,,
Argentina,2002,74.2,70.4,78,20.3,17.6,22.7,,,,,,
Argentina,2001,74,70.3,77.7,20.2,17.6,22.5,,,,,,
Argentina,2000,74,70.2,77.7,20.2,17.6,22.6,65.7,63,68.4,15.9,13.9,17.7
Armenia,2016,74.8,71.2,78.1,19.6,17.4,21.4,66.3,63.6,68.7,15.1,13.6,16.3
Armenia,2015,74.6,70.9,77.9,19.5,17.3,21.3,66,63.3,68.5,15,13.5,16.3
Armenia,2014,74.5,70.9,77.7,19.3,17.2,21.1,,,,,,
Armenia,2013,74.5,71,77.6,19.4,17.5,21.1,,,,,,
Armenia,2012,74,70.4,77.3,19.3,17.3,21.1,,,,,,
Armenia,2011,73.6,69.8,77.1,19.1,17,21,,,,,,
Armenia,2010,73.3,69.5,76.7,18.9,16.8,20.7,65.2,61.7,68.4,14.8,13.1,16.3
Armenia,2009,73,69.4,76.4,18.8,16.9,20.5,,,,,,
Armenia,2008,73,69.3,76.4,18.8,16.8,20.6,,,,,,
Armenia,2007,73.2,69.7,76.5,18.9,17,20.6,,,,,,
Armenia,2006,72.6,69.1,75.9,18.6,16.8,20.2,,,,,,
Armenia,2005,72.7,69.2,75.9,18.6,16.6,20.3,64.7,61.8,67.4,14.4,12.9,15.7
Armenia,2004,72.6,69.3,75.7,18.5,16.6,20.1,,,,,,
Armenia,2003,72.3,69,75.3,18.3,16.4,19.9,,,,,,
Armenia,2002,72.1,68.9,75.1,18.4,16.6,19.9,,,,,,
Armenia,2001,72.2,68.9,75.2,19,17.1,20.5,,,,,,
Armenia,2000,71.7,68.5,74.6,18.7,16.9,20.1,63.8,61.3,66.1,14.5,13.1,15.6
Australia,2016,82.9,81,84.8,25.6,24.3,26.9,73,71.8,74.1,20.4,19.3,21.4
Australia,2015,82.6,80.6,84.5,25.3,24,26.7,72.7,71.5,73.9,20.2,19.1,21.2
Australia,2014,82.7,80.7,84.6,25.4,24,26.8,,,,,,
Australia,2013,82.8,80.8,84.8,25.5,24,26.9,,,,,,
Australia,2012,82.5,80.6,84.5,25.3,23.8,26.6,,,,,,
Australia,2011,82.2,80.1,84.3,25,23.4,26.5,,,,,,
Australia,2010,82,79.9,84.2,24.9,23.3,26.4,72.2,70.9,73.5,19.7,18.5,20.9
Australia,2009,81.9,79.7,84.1,24.8,23.2,26.4,,,,,,
Australia,2008,81.5,79.3,83.7,24.4,22.8,25.9,,,,,,
Australia,2007,81.5,79.3,83.7,24.4,22.8,26,,,,,,
Australia,2006,81.4,79.2,83.7,24.4,22.7,26,,,,,,
Australia,2005,81,78.6,83.3,24,22.3,25.7,71.4,69.9,72.9,19.1,17.7,20.3
Australia,2004,80.8,78.4,83.2,23.9,22.1,25.6,,,,,,
Australia,2003,80.6,78.1,83,23.7,21.8,25.4,,,,,,
Australia,2002,80.2,77.7,82.6,23.3,21.5,25.1,,,,,,
Australia,2001,80.1,77.5,82.6,23.3,21.4,25.1,,,,,,
Australia,2000,79.6,77,82.3,23.1,21.1,24.9,70.3,68.5,72,18.3,16.8,19.7
Austria,2016,81.9,79.4,84.2,24.4,22.5,26.1,72.4,70.9,73.9,19.3,17.9,20.6
Austria,2015,81.4,78.9,83.8,24,22,25.7,72.1,70.4,73.6,19,17.6,20.3
Austria,2014,81.7,79.2,84,24.3,22.4,26,,,,,,
Austria,2013,81.3,78.8,83.8,24,22.1,25.8,,,,,,
Austria,2012,81,78.5,83.5,23.8,21.9,25.5,,,,,,
Austria,2011,81,78.3,83.5,23.9,21.9,25.7,,,,,,
Austria,2010,80.6,77.8,83.3,23.6,21.6,25.4,71.4,69.5,73.2,18.7,17.1,20.1
Austria,2009,80.4,77.6,83,23.5,21.4,25.2,,,,,,
Austria,2008,80.6,77.8,83.1,23.6,21.6,25.3,,,,,,
Austria,2007,80.3,77.5,83,23.5,21.4,25.2,,,,,,
Austria,2006,80.1,77.2,82.7,23.3,21.2,25,,,,,,
Austria,2005,79.6,76.7,82.3,23,20.9,24.7,70.6,68.5,72.4,18.2,16.5,19.5
Austria,2004,79.6,76.6,82.3,23,20.8,24.7,,,,,,
Austria,2003,79.1,76.2,81.8,22.6,20.4,24.3,,,,,,
Austria,2002,79,76,81.8,22.5,20.3,24.3,,,,,,
Austria,2001,78.9,75.9,81.7,22.5,20.3,24.3,,,,,,
Austria,2000,78.4,75.3,81.2,22.1,19.8,23.9,69.5,67.3,71.5,17.4,15.6,18.8
Azerbaijan,2016,73.1,70.3,75.7,18.9,17.2,20.5,64.9,62.8,66.9,14.6,13.3,15.8
Azerbaijan,2015,72.9,70.2,75.5,18.8,17.1,20.3,64.6,62.5,66.6,14.5,13.1,15.7
Azerbaijan,2014,72.6,69.9,75.3,18.7,17,20.2,,,,,,
Azerbaijan,2013,72.3,69.7,74.9,18.6,16.9,20.1,,,,,,
Azerbaijan,2012,71.9,69.3,74.5,18.5,16.8,19.9,,,,,,
Azerbaijan,2011,71.6,68.9,74.3,18.4,16.7,20,,,,,,
Azerbaijan,2010,71.1,68.6,73.5,18.1,16.5,19.4,63.4,61.5,65.2,14.2,13,15.2
Azerbaijan,2009,70.9,68.3,73.3,18,16.4,19.4,,,,,,
Azerbaijan,2008,70.4,67.7,73,17.8,16.2,19.2,,,,,,
Azerbaijan,2007,70.4,67.9,72.8,17.9,16.5,19.2,,,,,,
Azerbaijan,2006,69.4,66.7,72,17.3,15.8,18.5,,,,,,
Azerbaijan,2005,68.7,66,71.3,17.1,15.7,18.3,61.5,59.5,63.4,13.5,12.5,14.5
Azerbaijan,2004,68.7,66.1,71.2,17.1,15.7,18.4,,,,,,
Azerbaijan,2003,68.1,65.6,70.5,17,15.5,18.3,,,,,,
Azerbaijan,2002,68,65.5,70.4,17.3,15.7,18.7,,,,,,
Azerbaijan,2001,67.5,65,69.9,17.5,15.9,18.8,,,,,,
Azerbaijan,2000,66.5,63.8,69,17.1,15.5,18.4,59.6,57.5,61.5,13.7,12.5,14.7
Bahamas,2016,75.7,72.6,78.6,22.6,20.7,24.1,66.8,64.7,68.8,17.7,16.3,18.8
Bahamas,2015,75.6,72.4,78.5,22.5,20.7,24.1,66.7,64.5,68.7,17.6,16.2,18.7
Bahamas,2014,75.2,72.1,78.1,22.4,20.6,24,,,,,,
Bahamas,2013,75.2,72.1,78.1,22.4,20.5,23.9,,,,,,
Bahamas,2012,75.2,72.2,78.1,22.3,20.4,23.8,,,,,,
Bahamas,2011,75.3,72.3,78.1,22.2,20.3,23.6,,,,,,
Bahamas,2010,75.2,71.9,78.2,22,20.2,23.5,66.4,64.1,68.5,17.2,15.9,18.2
Bahamas,2009,74.7,71.3,77.9,21.9,20,23.3,,,,,,
Bahamas,2008,74.5,71.2,77.7,21.7,19.9,23.2,,,,,,
Bahamas,2007,74.2,70.9,77.4,21.6,19.8,23.1,,,,,,
Bahamas,2006,73.9,70.7,76.9,21.5,19.7,22.9,,,,,,
Bahamas,2005,73.6,70.4,76.7,21.3,19.6,22.8,65.1,62.8,67.2,16.6,15.3,17.6
Bahamas,2004,73.1,69.9,76.3,21.2,19.4,22.6,,,,,,
Bahamas,2003,72.4,69.1,75.5,21,19.3,22.5,,,,,,
Bahamas,2002,72.1,68.9,75.3,20.9,19.2,22.3,,,,,,
Bahamas,2001,72,68.8,75.2,20.8,19.1,22.2,,,,,,
Bahamas,2000,72,68.8,75.1,20.6,18.9,22,63.7,61.4,66,16,14.8,17
Bahrain,2016,79.1,78.6,79.6,21.7,21.5,22,68.1,68.3,67.6,16,16,15.8
Bahrain,2015,78.8,78.3,79.4,21.5,21.2,21.7,67.7,67.9,67.3,15.7,15.8,15.6
Bahrain,2014,78.3,77.7,79.1,21.1,20.8,21.5,,,,,,
Bahrain,2013,78.3,77.9,78.9,21.2,21,21.3,,,,,,
Bahrain,2012,77.7,77.3,78.2,20.6,20.3,20.9,,,,,,
Bahrain,2011,77.2,76.5,77.9,20,19.5,20.5,,,,,,
Bahrain,2010,77.2,76.5,77.8,20,19.4,20.6,66.3,66.4,65.8,14.5,14.3,14.6
Bahrain,2009,76.9,76.2,77.8,20,19.6,20.4,,,,,,
Bahrain,2008,76.2,75.4,77.3,19.4,18.9,20,,,,,,
Bahrain,2007,75.9,74.9,77.4,19.3,18.7,20.1,,,,,,
Bahrain,2006,75,74.3,75.9,18.7,18.2,19.1,,,,,,
Bahrain,2005,74.7,74.1,75.6,18.3,17.9,18.7,64.5,64.6,64.3,13.2,13.2,13.1
Bahrain,2004,74.1,73.7,74.7,17.9,17.9,18,,,,,,
Bahrain,2003,73.9,73.2,74.8,17.6,17.2,18.2,,,,,,
Bahrain,2002,73.7,72.5,75.4,17.6,16.7,18.8,,,,,,
Bahrain,2001,73.7,72.6,75.1,17.7,16.9,18.5,,,,,,
Bahrain,2000,73.2,72.5,74.1,17.4,17.2,17.6,63,63.1,62.9,12.5,12.6,12.5
Bangladesh,2016,72.7,71.1,74.4,19.6,18.6,20.9,63.3,62.6,64.1,14.7,14,15.4
Bangladesh,2015,72.2,70.7,74,19.5,18.4,20.8,62.8,62.2,63.6,14.5,13.8,15.2
Bangladesh,2014,71.8,70.3,73.5,19.4,18.3,20.7,,,,,,
Bangladesh,2013,71.4,69.9,73.1,19.2,18.2,20.5,,,,,,
Bangladesh,2012,70.9,69.6,72.6,19.1,18.1,20.3,,,,,,
Bangladesh,2011,70.5,69.2,71.9,18.9,18.1,19.9,,,,,,
Bangladesh,2010,69.9,68.9,71.1,18.7,18,19.4,60.7,60.4,61,13.7,13.5,14
Bangladesh,2009,69.4,68.5,70.4,18.4,18,18.9,,,,,,
Bangladesh,2008,69,68.2,69.8,18.2,18,18.5,,,,,,
Bangladesh,2007,68.5,67.7,69.3,18.1,17.9,18.3,,,,,,
Bangladesh,2006,68.2,67.5,68.9,18.1,17.9,18.3,,,,,,
Bangladesh,2005,67.8,67.2,68.5,18,17.8,18.3,58.6,58.6,58.6,13.2,13.2,13.1
Bangladesh,2004,67.4,66.8,68,18,17.8,18.2,,,,,,
Bangladesh,2003,67,66.5,67.5,17.9,17.7,18.2,,,,,,
Bangladesh,2002,66.6,66.1,67,17.9,17.7,18.1,,,,,,
Bangladesh,2001,66,65.7,66.4,17.8,17.6,18,,,,,,
Bangladesh,2000,65.5,65.2,65.7,17.7,17.6,17.8,56.5,56.8,56.2,12.8,12.9,12.7
Barbados,2016,75.6,73.1,78,19.8,18.1,21.5,67,65.4,68.5,15.6,14.3,16.7
Barbados,2015,75.5,72.9,77.9,19.7,18,21.4,66.8,65.2,68.4,15.5,14.2,16.6
Barbados,2014,75.3,72.8,77.7,19.7,17.9,21.3,,,,,,
Barbados,2013,75.2,72.7,77.6,19.6,17.8,21.2,,,,,,
Barbados,2012,74.8,72.1,77.4,19.5,17.7,21.1,,,,,,
Barbados,2011,74.9,72.4,77.3,19.4,17.6,21,,,,,,
Barbados,2010,74.7,72.2,77.1,19.3,17.6,20.9,66.2,64.6,67.8,15.1,13.9,16.3
Barbados,2009,74.6,72.1,76.9,19.3,17.5,20.8,,,,,,
Barbados,2008,74.4,72,76.8,19.2,17.4,20.8,,,,,,
Barbados,2007,74.4,72,76.6,19.1,17.4,20.7,,,,,,
Barbados,2006,74.3,72,76.6,19.1,17.3,20.6,,,,,,
Barbados,2005,74.2,71.9,76.4,19,17.3,20.5,65.8,64.3,67.2,14.9,13.6,15.9
Barbados,2004,74.1,71.7,76.3,19,17.2,20.5,,,,,,
Barbados,2003,73.8,71.3,76.1,18.9,17.2,20.4,,,,,,
Barbados,2002,73.6,71.1,75.9,18.8,17.1,20.3,,,,,,
Barbados,2001,73.5,71.1,75.8,18.8,17.1,20.2,,,,,,
Barbados,2000,73.4,71,75.6,18.7,17,20.1,65.1,63.5,66.6,14.6,13.4,15.6
Belarus,2016,74.2,68.8,79.2,19.6,15.9,22.3,65.5,61.4,69.3,15.1,12.3,17.2
Belarus,2015,73.8,68.6,78.8,19.3,15.7,21.9,65.2,61.1,69,14.8,12.1,16.9
Belarus,2014,73.3,67.9,78.5,19.1,15.5,21.9,,,,,,
Belarus,2013,72.7,67.3,77.9,18.8,15.3,21.4,,,,,,
Belarus,2012,72.2,66.6,77.6,18.5,15,21.3,,,,,,
Belarus,2011,70.5,64.6,76.6,17.9,14.3,20.7,,,,,,
Belarus,2010,70.2,64.4,76.2,17.5,13.9,20.3,62.3,57.7,67,13.5,10.8,15.7
Belarus,2009,70.2,64.5,76,17.5,14,20.2,,,,,,
Belarus,2008,70.1,64.3,76,17.5,14,20.1,,,,,,
Belarus,2007,69.9,64.2,75.7,17.4,14.1,20,,,,,,
Belarus,2006,69,63.2,75,16.9,13.6,19.5,,,,,,
Belarus,2005,68.3,62.5,74.5,16.5,13.1,19.1,60.8,56.2,65.7,12.8,10.2,14.8
Belarus,2004,68.4,62.7,74.4,16.4,13.1,19,,,,,,
Belarus,2003,67.9,62.2,74.1,16.2,12.9,18.7,,,,,,
Belarus,2002,67.4,61.8,73.5,16,12.8,18.5,,,,,,
Belarus,2001,67.9,62.3,73.9,16.3,13.2,18.7,,,,,,
Belarus,2000,68.3,62.8,74,16.6,13.6,18.9,60.8,56.5,65.3,12.9,10.6,14.7
Belgium,2016,81.2,78.8,83.5,24.1,22.2,25.8,71.6,70.2,73,18.8,17.4,20.1
Belgium,2015,80.9,78.6,83.2,23.8,22,25.5,71.4,70,72.8,18.6,17.3,19.9
Belgium,2014,81.2,78.7,83.6,24.2,22.2,25.9,,,,,,
Belgium,2013,80.6,78.1,83.1,23.7,21.7,25.5,,,,,,
Belgium,2012,80.4,77.8,82.9,23.6,21.6,25.4,,,,,,
Belgium,2011,80.5,77.9,83,23.7,21.7,25.5,,,,,,
Belgium,2010,80.2,77.5,82.7,23.4,21.4,25.2,70.8,69.1,72.3,18.3,16.8,19.6
Belgium,2009,80.1,77.4,82.6,23.4,21.4,25.2,,,,,,
Belgium,2008,79.9,77.1,82.6,23.3,21.2,25.1,,,,,,
Belgium,2007,79.8,77.1,82.4,23.3,21.2,25.1,,,,,,
Belgium,2006,79.7,76.9,82.4,23.1,21,25,,,,,,
Belgium,2005,79.2,76.4,81.9,22.7,20.6,24.6,69.9,68.2,71.6,17.7,16.2,19
Belgium,2004,79.2,76.2,82,22.8,20.6,24.7,,,,,,
Belgium,2003,78.6,75.7,81.4,22.3,20.2,24.1,,,,,,
Belgium,2002,78.4,75.4,81.4,22.2,20,24.2,,,,,,
Belgium,2001,78.3,75.2,81.3,22.2,20,24.2,,,,,,
Belgium,2000,77.9,74.8,81,21.8,19.5,23.9,68.9,66.9,71,17.1,15.4,18.6
Belize,2016,70.5,67.9,73.4,17.1,15.8,18.6,62.5,60.7,64.5,13.4,12.5,14.4
Belize,2015,70.3,67.7,73.2,17,15.8,18.5,62.3,60.5,64.3,13.3,12.4,14.3
Belize,2014,70.1,67.6,72.9,17,15.8,18.4,,,,,,
Belize,2013,70,67.5,72.8,16.9,15.7,18.4,,,,,,
Belize,2012,69.9,67.4,72.8,16.9,15.7,18.4,,,,,,
Belize,2011,69.9,67.4,72.7,16.9,15.8,18.4,,,,,,
Belize,2010,69.8,67.4,72.7,16.9,15.8,18.4,61.9,60.2,63.8,13.1,12.3,14.1
Belize,2009,69.8,67.4,72.6,17,15.8,18.4,,,,,,
Belize,2008,69.8,67.4,72.5,17,15.8,18.3,,,,,,
Belize,2007,69.8,67.5,72.5,17,15.8,18.4,,,,,,
Belize,2006,69.7,67.2,72.4,17,15.7,18.3,,,,,,
Belize,2005,69.4,66.8,72.2,16.9,15.7,18.3,61.4,59.6,63.4,13,12.1,13.9
Belize,2004,69.1,66.5,72.1,16.8,15.6,18.2,,,,,,
Belize,2003,68.9,66.2,72,16.8,15.5,18.1,,,,,,
Belize,2002,68.8,66.1,71.9,16.7,15.5,18.1,,,,,,
Belize,2001,68.5,65.9,71.5,16.6,15.4,18,,,,,,
Belize,2000,68.7,66.1,71.6,16.6,15.4,18,61,59.1,63,12.9,12.1,13.8
Benin,2016,61.1,59.7,62.4,17.2,16.6,17.7,53.5,52.5,54.4,13.3,12.8,13.7
Benin,2015,60.7,59.3,62,17.2,16.5,17.7,53.1,52.2,54,13.2,12.7,13.7
Benin,2014,60.4,59,61.7,17.1,16.5,17.6,,,,,,
Benin,2013,60.2,58.8,61.5,17.1,16.5,17.6,,,,,,
Benin,2012,59.9,58.5,61.2,17.1,16.4,17.5,,,,,,
Benin,2011,59.6,58.2,60.9,17,16.4,17.5,,,,,,
Benin,2010,59.3,57.9,60.6,16.9,16.3,17.4,51.7,50.7,52.6,12.9,12.4,13.3
Benin,2009,58.9,57.5,60.3,16.9,16.2,17.4,,,,,,
Benin,2008,58.2,56.8,59.5,16.8,16.1,17.3,,,,,,
Benin,2007,57.8,56.4,59.1,16.7,16.1,17.2,,,,,,
Benin,2006,57.4,56,58.7,16.6,16,17.1,,,,,,
Benin,2005,57.1,55.7,58.4,16.5,15.9,17,49.7,48.8,50.7,12.6,12.1,13
Benin,2004,56.7,55.3,58,16.5,15.8,17,,,,,,
Benin,2003,56.4,54.9,57.7,16.4,15.8,16.9,,,,,,
Benin,2002,56.1,54.6,57.5,16.4,15.7,16.9,,,,,,
Benin,2001,55.8,54.3,57.3,16.4,15.7,17,,,,,,
Benin,2000,55.6,54,57.1,16.4,15.7,17,48.4,47.2,49.4,12.4,11.9,12.8
Bhutan,2016,70.6,70.4,70.8,20.7,20.7,20.6,60.7,60.8,60.5,14.7,14.7,14.6
Bhutan,2015,70.2,70,70.3,20.5,20.6,20.5,60.2,60.4,60,14.5,14.6,14.4
Bhutan,2014,69.9,69.7,70,20.4,20.4,20.4,,,,,,
Bhutan,2013,69.5,69.4,69.6,20.2,20.3,20.2,,,,,,
Bhutan,2012,69.2,69.1,69.3,20.1,20.1,20.1,,,,,,
Bhutan,2011,68.9,68.8,68.9,19.9,19.9,19.9,,,,,,
Bhutan,2010,68.4,68.3,68.5,19.7,19.7,19.7,58.7,59,58.4,13.8,13.9,13.7
Bhutan,2009,67.9,67.8,68,19.5,19.5,19.4,,,,,,
Bhutan,2008,67.4,67.3,67.6,19.3,19.3,19.2,,,,,,
Bhutan,2007,66.9,66.7,67,19.1,19.1,19,,,,,,
Bhutan,2006,66.2,66,66.3,18.8,18.9,18.8,,,,,,
Bhutan,2005,65.4,65.3,65.6,18.6,18.7,18.5,56.2,56.4,55.9,13,13.1,12.8
Bhutan,2004,64.6,64.4,64.8,18.4,18.4,18.3,,,,,,
Bhutan,2003,64,63.9,64.1,18.1,18.2,18,,,,,,
Bhutan,2002,63.3,63.2,63.4,17.9,18,17.8,,,,,,
Bhutan,2001,62.7,62.6,62.8,17.7,17.8,17.6,,,,,,
Bhutan,2000,61.1,60.9,61.3,17.2,17.4,17.1,52.6,52.8,52.3,11.9,12.2,11.7
Bolivia (Plurinational State of),2016,71.5,69.1,74,21.4,20.2,22.6,63,61.3,64.8,16.4,15.6,17.2
Bolivia (Plurinational State of),2015,71.2,68.8,73.7,21.4,20.2,22.5,62.7,61,64.4,16.4,15.5,17.1
Bolivia (Plurinational State of),2014,70.9,68.6,73.4,21.3,20.2,22.4,,,,,,
Bolivia (Plurinational State of),2013,70.6,68.3,73,21.2,20.1,22.3,,,,,,
Bolivia (Plurinational State of),2012,70.3,68,72.6,21.1,20.1,22.2,,,,,,
Bolivia (Plurinational State of),2011,69.8,67.6,72.1,20.9,19.8,21.9,,,,,,
Bolivia (Plurinational State of),2010,69.2,67.1,71.5,20.5,19.5,21.5,61,59.5,62.6,15.7,15,16.3
Bolivia (Plurinational State of),2009,68.6,66.5,70.9,20.1,19.2,21.1,,,,,,
Bolivia (Plurinational State of),2008,68,65.9,70.2,19.8,18.9,20.7,,,,,,
Bolivia (Plurinational State of),2007,67.3,65.3,69.5,19.5,18.6,20.3,,,,,,
Bolivia (Plurinational State of),2006,66.8,64.8,68.9,19.2,18.3,20,,,,,,
Bolivia (Plurinational State of),2005,66.2,64.2,68.3,18.9,18.1,19.7,58.5,57.1,59.9,14.4,13.9,14.9
Bolivia (Plurinational State of),2004,65.7,63.7,67.7,18.7,17.9,19.4,,,,,,
Bolivia (Plurinational State of),2003,65.1,63.2,67.1,18.4,17.6,19.1,,,,,,
Bolivia (Plurinational State of),2002,64.5,62.7,66.5,18.2,17.4,18.9,,,,,,
Bolivia (Plurinational State of),2001,64,62.2,65.8,17.9,17.2,18.6,,,,,,
Bolivia (Plurinational State of),2000,63.3,61.6,65.2,17.7,17,18.3,56,54.8,57.2,13.4,13,13.8
Bosnia and Herzegovina,2016,77.3,74.8,79.8,20.7,18.8,22.3,67.2,64.9,69.4,15.4,13.8,16.8
Bosnia and Herzegovina,2015,77.1,74.5,79.6,20.5,18.6,22.1,66.9,64.6,69.2,15.2,13.6,16.6
Bosnia and Herzegovina,2014,76.8,74.1,79.3,20.2,18.3,21.9,,,,,,
Bosnia and Herzegovina,2013,76.7,74.1,79.3,20.2,18.3,21.9,,,,,,
Bosnia and Herzegovina,2012,76.7,74,79.2,20.1,18.3,21.8,,,,,,
Bosnia and Herzegovina,2011,76.6,73.9,79.1,20.1,18.2,21.7,,,,,,
Bosnia and Herzegovina,2010,76.1,73.5,78.6,19.6,17.8,21.2,66.7,64.4,68.9,14.8,13.3,16.1
Bosnia and Herzegovina,2009,75.9,73.3,78.4,19.5,17.7,21,,,,,,
Bosnia and Herzegovina,2008,75.8,73,78.5,19.6,17.7,21.3,,,,,,
Bosnia and Herzegovina,2007,75.1,72.3,77.7,19.2,17.4,20.7,,,,,,
Bosnia and Herzegovina,2006,75.3,72.5,77.9,19.4,17.5,21,,,,,,
Bosnia and Herzegovina,2005,74.5,71.6,77.3,18.7,16.7,20.3,65.6,63.1,68,14.2,12.7,15.5
Bosnia and Herzegovina,2004,75.1,72.4,77.5,19.1,17.3,20.6,,,,,,
Bosnia and Herzegovina,2003,74.9,72,77.6,19,17.1,20.6,,,,,,
Bosnia and Herzegovina,2002,75.2,72.4,77.8,19.3,17.4,20.8,,,,,,
Bosnia and Herzegovina,2001,74.7,71.6,77.7,19.1,17,20.9,,,,,,
Bosnia and Herzegovina,2000,74.3,71.3,77.1,18.8,16.7,20.4,65.5,62.9,67.9,14.3,12.7,15.7
Botswana,2016,66.1,63.6,68.4,17.4,15.9,18.6,57.5,55.2,59.5,13.1,11.7,14.3
Botswana,2015,65.3,62.6,67.9,17.3,15.8,18.5,56.8,54.4,59.1,13,11.5,14.2
Botswana,2014,64.5,61.5,67.4,17.1,15.6,18.4,,,,,,
Botswana,2013,63.6,60.5,66.7,17,15.5,18.2,,,,,,
Botswana,2012,62.9,60.1,65.5,16.9,15.4,18.1,,,,,,
Botswana,2011,61.9,59.3,64.4,16.8,15.3,18,,,,,,
Botswana,2010,61.2,58.6,63.8,16.7,15.3,17.9,52.9,50.6,55.2,12.4,11,13.5
Botswana,2009,60,57.9,61.9,16.6,15.2,17.8,,,,,,
Botswana,2008,58.1,56.4,59.7,16.5,15,17.6,,,,,,
Botswana,2007,56.9,55.2,58.5,16.3,14.9,17.5,,,,,,
Botswana,2006,54.9,53.3,56.4,16.1,14.6,17.3,,,,,,
Botswana,2005,52.2,50.7,53.6,15.8,14.2,17.1,45.3,44,46.4,11.5,10.1,12.6
Botswana,2004,49.2,47.9,50.4,15.4,13.7,16.7,,,,,,
Botswana,2003,47.8,46.6,48.9,15.2,13.5,16.5,,,,,,
Botswana,2002,47.6,46.3,48.7,15.1,13.4,16.5,,,,,,
Botswana,2001,48.1,46.7,49.5,15.2,13.4,16.5,,,,,,
Botswana,2000,49.1,47.5,50.7,15.3,13.6,16.6,42.7,41.4,44,11,9.5,12.1
Brazil,2016,75.1,71.4,78.9,21.7,19.7,23.4,66,63.4,68.7,16.7,15.3,17.9
Brazil,2015,74.9,71.2,78.6,21.5,19.5,23.2,65.8,63.1,68.4,16.5,15.1,17.7
Brazil,2014,74.7,71,78.5,21.4,19.4,23.1,,,,,,
Brazil,2013,74.3,70.7,78.1,21.1,19.1,22.9,,,,,,
Brazil,2012,74,70.4,77.8,21,19,22.7,,,,,,
Brazil,2011,73.6,69.9,77.3,20.6,18.6,22.4,,,,,,
Brazil,2010,73.3,69.7,77.1,20.4,18.5,22.2,64.5,61.9,67.1,15.6,14.3,16.8
Brazil,2009,73.2,69.5,77,20.5,18.5,22.2,,,,,,
Brazil,2008,73,69.3,76.8,20.3,18.3,22.1,,,,,,
Brazil,2007,72.8,69.1,76.6,20.2,18.2,22,,,,,,
Brazil,2006,72.4,68.7,76.2,20,18,21.8,,,,,,
Brazil,2005,72.1,68.4,76,19.8,17.8,21.6,63.3,60.7,65.9,15.1,13.7,16.3
Brazil,2004,71.4,67.6,75.3,19.3,17.4,21.2,,,,,,
Brazil,2003,71.1,67.3,75.1,19.2,17.2,21.1,,,,,,
Brazil,2002,70.7,66.9,74.7,19.1,17.1,20.9,,,,,,
Brazil,2001,70.4,66.5,74.4,18.9,16.9,20.8,,,,,,
Brazil,2000,69.9,66.1,73.9,18.7,16.7,20.5,61.5,58.8,64.2,14.2,12.9,15.4
Brunei Darussalam,2016,76.4,75.3,77.6,20.4,19.8,21.1,67.9,67,68.8,15.8,15.1,16.5
Brunei Darussalam,2015,76.2,75.1,77.3,20.2,19.6,20.8,67.7,66.8,68.5,15.6,14.9,16.3
Brunei Darussalam,2014,76.4,75.2,77.7,20.4,19.7,21.1,,,,,,
Brunei Darussalam,2013,76.7,75.3,78.1,20.7,19.9,21.5,,,,,,
Brunei Darussalam,2012,76.8,75.4,78.3,20.8,20,21.7,,,,,,
Brunei Darussalam,2011,76.7,75.4,78.1,20.7,19.9,21.4,,,,,,
Brunei Darussalam,2010,76.5,75.2,77.8,20.4,19.7,21.1,67.9,67,68.9,15.8,15.1,16.6
Brunei Darussalam,2009,76.4,75.1,77.7,20.3,19.6,21.1,,,,,,
Brunei Darussalam,2008,76.3,74.9,77.8,20.3,19.4,21.3,,,,,,
Brunei Darussalam,2007,76.1,74.6,77.7,20.2,19.3,21.2,,,,,,
Brunei Darussalam,2006,76,74.5,77.6,20,19.1,21,,,,,,
Brunei Darussalam,2005,75.8,74.5,77.3,19.8,19,20.7,67.6,66.5,68.7,15.5,14.7,16.4
Brunei Darussalam,2004,75.6,74.4,77,19.6,18.8,20.4,,,,,,
Brunei Darussalam,2003,75.2,73.9,76.5,19.2,18.4,19.9,,,,,,
Brunei Darussalam,2002,74.6,73.3,76,18.6,17.9,19.4,,,,,,
Brunei Darussalam,2001,74.1,72.8,75.5,18.2,17.6,18.9,,,,,,
Brunei Darussalam,2000,73.7,72.3,75.1,17.8,17.2,18.5,65.9,64.9,67,14,13.4,14.7
Bulgaria,2016,74.8,71.4,78.4,19.8,17.3,21.9,66.4,63.5,69.2,15.1,13.2,16.8
Bulgaria,2015,74.7,71.2,78.3,19.7,17.3,21.8,66.2,63.4,69.1,15,13.2,16.7
Bulgaria,2014,74.4,71,78,19.5,17.1,21.6,,,,,,
Bulgaria,2013,74.8,71.2,78.5,19.8,17.4,21.9,,,,,,
Bulgaria,2012,74.3,70.9,77.8,19.3,17.1,21.3,,,,,,
Bulgaria,2011,74.1,70.7,77.7,19.3,17,21.3,,,,,,
Bulgaria,2010,73.8,70.4,77.3,19.1,16.8,21,65.7,62.9,68.5,14.8,13,16.4
Bulgaria,2009,73.7,70.2,77.4,19.1,17,21.1,,,,,,
Bulgaria,2008,73.3,69.8,77,18.9,16.7,20.8,,,,,,
Bulgaria,2007,73,69.6,76.6,18.6,16.4,20.5,,,,,,
Bulgaria,2006,72.7,69.2,76.4,18.4,16.3,20.4,,,,,,
Bulgaria,2005,72.5,69.1,76.2,18.2,16.1,20.2,64.7,61.9,67.6,14.2,12.5,15.7
Bulgaria,2004,72.7,69.2,76.3,18.4,16.3,20.4,,,,,,
Bulgaria,2003,72.4,69,76.1,18.2,16.2,20.1,,,,,,
Bulgaria,2002,72.2,68.9,75.7,18.1,16.2,19.9,,,,,,
Bulgaria,2001,71.9,68.5,75.5,18,16.1,19.8,,,,,,
Bulgaria,2000,71.5,68.2,75,17.7,15.8,19.3,63.7,61,66.7,13.7,12.3,15.1
Burkina Faso,2016,60.3,59.6,60.9,15.5,15,15.8,52.9,52.7,53.1,11.7,11.3,12
Burkina Faso,2015,59.8,59.1,60.4,15.4,14.9,15.8,52.4,52.1,52.6,11.6,11.3,11.9
Burkina Faso,2014,59.3,58.6,59.9,15.4,14.9,15.7,,,,,,
Burkina Faso,2013,58.9,58.1,59.4,15.3,14.9,15.6,,,,,,
Burkina Faso,2012,58.4,57.7,59,15.3,14.8,15.6,,,,,,
Burkina Faso,2011,57.7,57.1,58.3,15.2,14.8,15.5,,,,,,
Burkina Faso,2010,57,56.4,57.6,15.1,14.7,15.4,49.7,49.4,50,11.2,10.9,11.4
Burkina Faso,2009,56.3,55.7,56.9,15,14.6,15.3,,,,,,
Burkina Faso,2008,55.5,54.9,56.1,14.9,14.5,15.2,,,,,,
Burkina Faso,2007,54.8,54.1,55.3,14.8,14.4,15.1,,,,,,
Burkina Faso,2006,53.9,53.2,54.4,14.8,14.3,15.1,,,,,,
Burkina Faso,2005,52.9,52.2,53.5,14.7,14.2,15,45.9,45.4,46.2,10.8,10.4,11
Burkina Faso,2004,52.1,51.4,52.7,14.6,14,14.9,,,,,,
Burkina Faso,2003,51.4,50.7,52,14.5,13.9,14.9,,,,,,
Burkina Faso,2002,50.9,50.1,51.6,14.4,13.8,14.8,,,,,,
Burkina Faso,2001,50.5,49.6,51.2,14.4,13.7,14.8,,,,,,
Burkina Faso,2000,50.1,49.1,50.9,14.3,13.6,14.8,43.1,42.4,43.7,10.3,9.8,10.7
Burundi,2016,60.1,58.5,61.8,16.6,15.9,17.3,52.6,51.2,54,12.3,11.8,12.8
Burundi,2015,59.7,58,61.4,16.5,15.9,17.2,52.2,50.7,53.6,12.2,11.7,12.8
Burundi,2014,59.3,57.7,61,16.5,15.8,17.1,,,,,,
Burundi,2013,59.1,57.5,60.6,16.5,15.8,17.1,,,,,,
Burundi,2012,58.7,57.2,60.1,16.4,15.8,17,,,,,,
Burundi,2011,58.1,56.8,59.5,16.4,15.7,17,,,,,,
Burundi,2010,57.6,56.3,58.8,16.3,15.6,16.9,50.3,49.3,51.3,12.1,11.6,12.5
Burundi,2009,56.9,55.8,58.1,16.2,15.6,16.8,,,,,,
Burundi,2008,56.2,55,57.3,16.2,15.5,16.8,,,,,,
Burundi,2007,55.6,54.5,56.6,16.1,15.4,16.7,,,,,,
Burundi,2006,54.9,53.7,56,16,15.4,16.7,,,,,,
Burundi,2005,54.1,52.9,55.4,16,15.3,16.6,47.1,46.1,48.1,11.7,11.2,12.2
Burundi,2004,53.4,52.1,54.7,15.9,15.2,16.5,,,,,,
Burundi,2003,52.7,51.2,54.2,15.9,15.2,16.5,,,,,,
Burundi,2002,52.3,50.7,53.9,15.8,15.1,16.4,,,,,,
Burundi,2001,52,50.4,53.6,15.8,15.1,16.3,,,,,,
Burundi,2000,51.4,49.6,53.3,15.7,15,16.3,44.6,43.1,46.1,11.5,11,11.9
Cabo Verde,2016,73.2,71.1,75,18.6,17.2,19.7,64.5,63.1,65.8,14.5,13.2,15.4
Cabo Verde,2015,73,71,74.7,18.6,17.2,19.6,64.3,62.9,65.5,14.4,13.1,15.3
Cabo Verde,2014,72.7,70.7,74.5,18.5,17.1,19.5,,,,,,
Cabo Verde,2013,72.5,70.5,74.2,18.4,17.1,19.4,,,,,,
Cabo Verde,2012,72.3,70.3,74,18.3,17,19.3,,,,,,
Cabo Verde,2011,72,70.2,73.7,18.3,17,19.2,,,,,,
Cabo Verde,2010,71.8,70,73.5,18.2,16.9,19.2,63.1,61.8,64.3,13.9,12.7,14.8
Cabo Verde,2009,71.7,69.8,73.3,18.1,16.9,19.1,,,,,,
Cabo Verde,2008,71.5,69.7,73,18,16.8,19,,,,,,
Cabo Verde,2007,71.2,69.4,72.8,18,16.8,18.9,,,,,,
Cabo Verde,2006,71,69.2,72.6,17.9,16.7,18.8,,,,,,
Cabo Verde,2005,70.7,69,72.2,17.8,16.7,18.7,61.9,60.6,63,13.5,12.6,14.2
Cabo Verde,2004,70.6,68.8,72,17.8,16.6,18.7,,,,,,
Cabo Verde,2003,70.4,68.7,71.9,17.7,16.6,18.6,,,,,,
Cabo Verde,2002,70.2,68.5,71.6,17.6,16.5,18.5,,,,,,
Cabo Verde,2001,69.9,68.2,71.3,17.5,16.5,18.3,,,,,,
Cabo Verde,2000,69.4,67.7,70.8,17.4,16.4,18.2,60.7,59.5,61.7,13.1,12.3,13.7
Cambodia,2016,69.4,67.3,71.2,17.4,16.5,18,60.8,59.4,62.1,12.8,12.2,13.2
Cambodia,2015,69,67,70.8,17.3,16.5,17.8,60.4,59,61.6,12.6,12.1,13
Cambodia,2014,68.7,66.7,70.5,17.2,16.4,17.7,,,,,,
Cambodia,2013,68.3,66.4,70.1,17.1,16.3,17.7,,,,,,
Cambodia,2012,68,66.1,69.8,17.1,16.2,17.6,,,,,,
Cambodia,2011,67.6,65.6,69.4,17,16.1,17.7,,,,,,
Cambodia,2010,67.1,65,69,16.9,15.9,17.7,58.5,57,59.8,12.2,11.6,12.7
Cambodia,2009,66.5,64.2,68.5,16.8,15.7,17.7,,,,,,
Cambodia,2008,65.8,63.4,68,16.7,15.5,17.7,,,,,,
Cambodia,2007,65,62.6,67.3,16.6,15.3,17.7,,,,,,
Cambodia,2006,64,61.5,66.3,16.5,15.2,17.5,,,,,,
Cambodia,2005,62.8,60.3,65.2,16.3,15.1,17.3,54.5,52.7,56.2,11.6,10.9,12.2
Cambodia,2004,61.7,59.1,64.1,16.1,15,17,,,,,,
Cambodia,2003,60.6,58.1,63,15.9,14.9,16.7,,,,,,
Cambodia,2002,59.6,57.1,62,15.7,14.8,16.6,,,,,,
Cambodia,2001,58.6,56.1,61,15.6,14.7,16.4,,,,,,
Cambodia,2000,57.7,55.3,60.1,15.5,14.6,16.2,50,48.3,51.6,10.9,10.4,11.3
Cameroon,2016,58.1,56.7,59.4,16.5,15.7,17.2,51.1,50.1,52,12.5,11.9,13.1
Cameroon,2015,57.2,55.7,58.8,16.4,15.6,17.1,50.3,49.2,51.4,12.4,11.8,13
Cameroon,2014,56.8,55.2,58.4,16.3,15.5,17.1,,,,,,
Cameroon,2013,56.7,55,58.4,16.3,15.5,17.1,,,,,,
Cameroon,2012,56.3,55,57.5,16.3,15.5,17,,,,,,
Cameroon,2011,55.8,54.6,57,16.3,15.5,17,,,,,,
Cameroon,2010,55.4,54.2,56.5,16.2,15.5,16.9,48.3,47.6,49.1,12.1,11.5,12.7
Cameroon,2009,54.9,53.8,56,16.2,15.4,16.9,,,,,,
Cameroon,2008,54.3,53.2,55.3,16.1,15.4,16.8,,,,,,
Cameroon,2007,53.6,52.5,54.6,16,15.3,16.7,,,,,,
Cameroon,2006,53.1,52.1,54.1,15.9,15.2,16.5,,,,,,
Cameroon,2005,52.3,51.4,53.3,15.7,15,16.3,45.4,44.8,46.1,11.6,11.1,12
Cameroon,2004,51.5,50.5,52.4,15.5,14.8,16.1,,,,,,
Cameroon,2003,50.9,50,51.8,15.3,14.7,15.9,,,,,,
Cameroon,2002,50.4,49.5,51.3,15.2,14.6,15.8,,,,,,
Cameroon,2001,49.9,48.9,50.8,15,14.5,15.6,,,,,,
Cameroon,2000,49.4,48.4,50.3,14.9,14.3,15.4,42.9,42.2,43.5,11,10.5,11.4
Canada,2016,82.8,80.9,84.7,25.7,24.2,27,73.2,72,74.3,20.5,19.4,21.6
Canada,2015,82.6,80.6,84.5,25.5,23.9,26.8,73,71.8,74.2,20.3,19.2,21.4
Canada,2014,82.4,80.4,84.3,25.3,23.8,26.7,,,,,,
Canada,2013,82.1,80,84.1,25.1,23.5,26.5,,,,,,
Canada,2012,82,79.9,84,25,23.4,26.5,,,,,,
Canada,2011,81.8,79.8,83.8,24.8,23.2,26.3,,,,,,
Canada,2010,81.6,79.4,83.6,24.6,23,26.1,72.2,70.8,73.5,19.6,18.3,20.8
Canada,2009,81.3,79.1,83.4,24.5,22.7,26,,,,,,
Canada,2008,81,78.7,83.2,24.2,22.4,25.7,,,,,,
Canada,2007,80.8,78.5,83,24,22.3,25.6,,,,,,
Canada,2006,80.7,78.4,83,24,22.2,25.6,,,,,,
Canada,2005,80.3,77.9,82.6,23.6,21.8,25.2,71.3,69.7,72.8,18.8,17.4,20.1
Canada,2004,80.2,77.8,82.5,23.5,21.6,25.1,,,,,,
Canada,2003,79.9,77.4,82.3,23.2,21.3,24.9,,,,,,
Canada,2002,79.7,77.3,82.1,23.1,21.2,24.8,,,,,,
Canada,2001,79.6,77,82.1,23,21,24.7,,,,,,
Canada,2000,79.3,76.7,81.8,22.7,20.7,24.6,70.4,68.7,72.1,18.1,16.5,19.6
Central African Republic,2016,53,51.7,54.4,16,15.4,16.5,44.9,43.9,45.9,11.2,10.7,11.6
Central African Republic,2015,52.6,51.6,53.5,15.9,15.3,16.4,44.6,43.9,45.3,11.1,10.7,11.5
Central African Republic,2014,51.3,50.3,52.2,15.7,15.2,16.2,,,,,,
Central African Republic,2013,50,48.6,51.3,15.6,15,16,,,,,,
Central African Republic,2012,50.7,50,51.4,15.5,15,16,,,,,,
Central African Republic,2011,50.2,49.4,51,15.4,14.9,15.9,,,,,,
Central African Republic,2010,49.6,48.7,50.4,15.3,14.7,15.8,42.7,42.1,43.4,10.9,10.5,11.3
Central African Republic,2009,48.9,47.8,49.9,15.1,14.5,15.6,,,,,,
Central African Republic,2008,47.8,46.9,48.8,14.9,14.3,15.5,,,,,,
Central African Republic,2007,47,46.2,47.8,14.8,14.2,15.3,,,,,,
Central African Republic,2006,46.3,45.6,47.1,14.7,14.1,15.2,,,,,,
Central African Republic,2005,45.8,45.2,46.5,14.6,14,15,39.7,39.2,40.2,10.5,10.1,10.8
Central African Republic,2004,45.5,44.9,46.1,14.5,14,15,,,,,,
Central African Republic,2003,45.3,44.7,45.9,14.4,13.9,14.9,,,,,,
Central African Republic,2002,45.1,44.4,45.8,14.4,13.9,14.8,,,,,,
Central African Republic,2001,45.1,44.3,45.8,14.4,13.9,14.8,,,,,,
Central African Republic,2000,45.4,44.6,46.1,14.4,13.9,14.8,39.2,38.6,39.8,10.3,10,10.6
Chad,2016,54.3,53.1,55.4,15.9,15.4,16.4,47.2,46.5,48,11.6,11.2,11.9
Chad,2015,53.7,52.5,54.9,15.9,15.3,16.4,46.7,46,47.5,11.5,11.1,11.8
Chad,2014,53.1,51.9,54.3,15.8,15.2,16.3,,,,,,
Chad,2013,53,52,54.1,15.8,15.2,16.3,,,,,,
Chad,2012,52.7,51.7,53.7,15.7,15.2,16.2,,,,,,
Chad,2011,52.3,51.4,53.3,15.7,15.1,16.1,,,,,,
Chad,2010,51.9,51,52.8,15.6,15.1,16.1,45.1,44.5,45.6,11.2,10.9,11.5
Chad,2009,51.4,50.5,52.2,15.5,15,16,,,,,,
Chad,2008,50.4,49.4,51.3,15.4,14.9,15.9,,,,,,
Chad,2007,50.2,49.4,51,15.4,14.9,15.9,,,,,,
Chad,2006,49.2,48.2,50.3,15.3,14.7,15.8,,,,,,
Chad,2005,49.3,48.5,50.1,15.3,14.8,15.8,42.7,42.3,43.2,10.9,10.5,11.2
Chad,2004,49.1,48.2,49.9,15.3,14.7,15.8,,,,,,
Chad,2003,48.8,48,49.7,15.2,14.7,15.7,,,,,,
Chad,2002,48.5,47.6,49.5,15.2,14.7,15.7,,,,,,
Chad,2001,48.4,47.4,49.3,15.2,14.6,15.7,,,,,,
Chad,2000,47.9,46.7,49.1,15.2,14.6,15.7,41.5,40.7,42.3,10.7,10.3,11.1
Chile,2016,79.5,76.5,82.4,23.4,21.3,25.3,69.7,67.9,71.5,18,16.5,19.3
Chile,2015,79.4,76.4,82.3,23.3,21.1,25.2,69.6,67.7,71.4,17.9,16.3,19.2
Chile,2014,79.3,76.3,82.2,23.3,21,25.2,,,,,,
Chile,2013,79.2,76.1,82.1,23.2,21,25.1,,,,,,
Chile,2012,79,76.1,81.8,23,20.8,24.8,,,,,,
Chile,2011,79,75.9,82,23.1,20.8,25,,,,,,
Chile,2010,78.3,75.2,81.3,22.4,20.2,24.4,68.9,66.8,70.8,17.3,15.6,18.7
Chile,2009,78.7,75.4,81.8,22.9,20.5,24.9,,,,,,
Chile,2008,79,75.8,82,23.1,20.8,25.1,,,,,,
Chile,2007,78.3,75.2,81.3,22.4,20.2,24.4,,,,,,
Chile,2006,78.4,75.3,81.4,22.6,20.3,24.5,,,,,,
Chile,2005,78,74.8,81.1,22.2,19.9,24.1,68.6,66.5,70.6,17,15.3,18.5
Chile,2004,77.7,74.5,80.8,22,19.7,23.9,,,,,,
Chile,2003,77.7,74.4,80.8,22,19.6,24,,,,,,
Chile,2002,77.6,74.3,80.9,22,19.6,24,,,,,,
Chile,2001,77.1,73.8,80.3,21.7,19.3,23.7,,,,,,
Chile,2000,77.1,73.8,80.3,21.6,19.3,23.7,67.8,65.5,69.9,16.6,14.8,18.1
China,2016,76.4,75,77.9,19.9,18.7,21,68.7,68,69.3,15.8,15.1,16.5
China,2015,76.2,74.8,77.7,19.7,18.6,20.9,68.4,67.8,69.1,15.6,15,16.4
China,2014,76,74.6,77.5,19.6,18.5,20.8,,,,,,
China,2013,75.8,74.4,77.3,19.6,18.5,20.7,,,,,,
China,2012,75.6,74.2,77.1,19.5,18.4,20.7,,,,,,
China,2011,75.4,74.1,76.9,19.5,18.4,20.6,,,,,,
China,2010,75.2,73.8,76.7,19.4,18.3,20.6,67.6,67,68.3,15.4,14.7,16.1
China,2009,75.1,73.7,76.6,19.4,18.3,20.6,,,,,,
China,2008,74.7,73.3,76.2,19.3,18.2,20.5,,,,,,
China,2007,74.7,73.3,76.2,19.3,18.2,20.5,,,,,,
China,2006,74.4,73.1,75.9,19.2,18.1,20.4,,,,,,
China,2005,74.2,72.8,75.6,19.1,18,20.2,66.7,66.1,67.3,15.2,14.5,15.8
China,2004,73.9,72.6,75.3,19,18,20.1,,,,,,
China,2003,73.5,72.3,74.9,18.9,17.9,19.9,,,,,,
China,2002,73.2,71.9,74.6,18.7,17.7,19.8,,,,,,
China,2001,72.7,71.4,74.2,18.6,17.5,19.7,,,,,,
China,2000,72.1,70.7,73.7,18.3,17.2,19.5,64.8,64.1,65.6,14.6,13.9,15.3
Colombia,2016,75.1,71.5,78.8,21.8,20,23.5,67.1,64.4,69.8,17.1,15.8,18.3
Colombia,2015,74.9,71.3,78.6,21.7,19.8,23.3,66.8,64.1,69.6,16.9,15.6,18.1
Colombia,2014,74.7,71.1,78.4,21.5,19.7,23.2,,,,,,
Colombia,2013,74.4,70.9,78.1,21.3,19.4,23,,,,,,
Colombia,2012,74.3,70.8,78,21.2,19.5,22.9,,,,,,
Colombia,2011,74.2,70.6,78,21.2,19.5,22.9,,,,,,
Colombia,2010,73.5,69.9,77.3,20.7,19,22.3,65.7,63,68.5,16.2,15,17.3
Colombia,2009,73.5,69.8,77.4,20.8,19.1,22.5,,,,,,
Colombia,2008,73.4,69.9,77,20.4,18.7,22,,,,,,
Colombia,2007,73.4,69.9,77,20.4,18.7,21.9,,,,,,
Colombia,2006,73,69.4,76.7,20.1,18.4,21.7,,,,,,
Colombia,2005,72.9,69.3,76.6,20,18.3,21.7,65.1,62.5,67.8,15.6,14.4,16.7
Colombia,2004,72.5,68.7,76.4,20,18.3,21.6,,,,,,
Colombia,2003,72.1,68.3,76,19.8,18.1,21.3,,,,,,
Colombia,2002,71.4,67.2,75.9,19.9,18.3,21.4,,,,,,
Colombia,2001,71.2,67,75.6,19.7,18,21.2,,,,,,
Colombia,2000,71.1,66.9,75.6,19.6,18,21.2,63.4,60.2,66.8,15.2,14.1,16.2
Comoros,2016,63.9,62.3,65.5,16.3,15.4,17.2,56.6,55.4,57.8,12.6,11.9,13.2
Comoros,2015,63.6,62,65.2,16.3,15.4,17.1,56.3,55.1,57.5,12.5,11.8,13.2
Comoros,2014,63.3,61.7,64.9,16.3,15.4,17.1,,,,,,
Comoros,2013,63,61.4,64.5,16.2,15.3,17,,,,,,
Comoros,2012,62.6,61.1,64.2,16.2,15.3,17,,,,,,
Comoros,2011,62.3,60.7,63.8,16.1,15.2,16.9,,,,,,
Comoros,2010,61.8,60.3,63.4,16,15.2,16.9,54.7,53.6,55.8,12.3,11.6,12.9
Comoros,2009,61.4,59.9,63,16,15.1,16.8,,,,,,
Comoros,2008,61,59.5,62.6,15.9,15.1,16.7,,,,,,
Comoros,2007,60.7,59.2,62.2,15.9,15,16.7,,,,,,
Comoros,2006,60.4,58.9,61.9,15.8,15,16.6,,,,,,
Comoros,2005,60.1,58.6,61.6,15.8,14.9,16.6,53,51.9,54.2,12,11.3,12.6
Comoros,2004,59.8,58.3,61.3,15.7,14.9,16.5,,,,,,
Comoros,2003,59.7,58.2,61.2,15.7,14.9,16.5,,,,,,
Comoros,2002,59.6,58.1,61.1,15.7,14.8,16.5,,,,,,
Comoros,2001,59.6,58.1,61.1,15.7,14.8,16.5,,,,,,
Comoros,2000,59.5,58,61,15.7,14.8,16.5,52.3,51.1,53.5,11.8,11.1,12.4
Congo,2016,64.3,63,65.6,17.6,17.1,18.1,56.7,55.9,57.6,13.5,13.2,13.8
Congo,2015,63.6,62.4,64.8,17.5,17,18,56.1,55.4,56.8,13.3,13,13.6
Congo,2014,63.3,62.1,64.6,17.4,16.8,17.9,,,,,,
Congo,2013,63.1,61.8,64.5,17.3,16.7,17.8,,,,,,
Congo,2012,62.8,61.6,64.1,17.2,16.7,17.6,,,,,,
Congo,2011,62.2,61.2,63.2,17,16.6,17.5,,,,,,
Congo,2010,61.6,60.7,62.6,16.9,16.5,17.4,54.2,53.6,54.7,12.8,12.5,13.1
Congo,2009,60.9,60,61.9,16.8,16.4,17.2,,,,,,
Congo,2008,59.7,58.8,60.6,16.6,16.2,17.1,,,,,,
Congo,2007,58.6,57.8,59.4,16.5,16,16.9,,,,,,
Congo,2006,57.5,56.7,58.3,16.2,15.8,16.6,,,,,,
Congo,2005,56,55.3,56.6,16,15.6,16.3,49.2,48.8,49.5,12,11.8,12.2
Congo,2004,54.8,54.2,55.4,15.7,15.4,16,,,,,,
Congo,2003,54,53.4,54.5,15.6,15.2,15.9,,,,,,
Congo,2002,53.3,52.5,54,15.5,15.2,15.8,,,,,,
Congo,2001,53.2,52.5,53.9,15.6,15.2,15.9,,,,,,
Congo,2000,53.1,52.3,53.9,15.6,15.2,16,46.4,45.9,46.9,11.7,11.5,11.9
Costa Rica,2016,79.6,77,82.2,24.1,22.6,25.6,70.9,69.1,72.7,19,18,20
Costa Rica,2015,79.4,76.9,82.1,24,22.5,25.5,70.7,68.9,72.5,18.9,17.9,19.9
Costa Rica,2014,79.4,76.8,82.2,24,22.4,25.5,,,,,,
Costa Rica,2013,79.4,76.9,82,24,22.6,25.5,,,,,,
Costa Rica,2012,79.2,76.7,81.8,23.9,22.4,25.3,,,,,,
Costa Rica,2011,79,76.5,81.7,23.7,22.2,25.2,,,,,,
Costa Rica,2010,78.3,75.6,81.1,23.2,21.6,24.7,69.7,67.9,71.7,18.2,17.2,19.3
Costa Rica,2009,79.4,76.8,82.1,24,22.4,25.5,,,,,,
Costa Rica,2008,79.2,76.6,81.9,23.9,22.3,25.3,,,,,,
Costa Rica,2007,79.3,76.7,82,23.7,22.2,25.2,,,,,,
Costa Rica,2006,78.3,75.5,81.2,23.2,21.5,25,,,,,,
Costa Rica,2005,78.7,76.2,81.3,23.3,21.8,24.8,70,68.3,71.7,18.2,17.2,19.3
Costa Rica,2004,77.8,75.2,80.4,22.5,21,24,,,,,,
Costa Rica,2003,77.9,75.4,80.5,22.7,21.2,24.2,,,,,,
Costa Rica,2002,78.2,75.5,81.1,23,21.3,24.7,,,,,,
Costa Rica,2001,77.4,74.9,80.1,22.2,20.7,23.7,,,,,,
Costa Rica,2000,77.4,74.8,80.2,22.2,20.6,23.9,69,67.2,70.8,17.4,16.2,18.5
Côte d'Ivoire,2016,54.6,53.6,55.7,14.3,14,14.6,48.3,47.6,49,10.8,10.5,11
Côte d'Ivoire,2015,53.9,53,55,14.2,13.9,14.5,47.7,47,48.4,10.6,10.4,10.9
Côte d'Ivoire,2014,53.4,52.5,54.5,14.1,13.8,14.4,,,,,,
Côte d'Ivoire,2013,53.1,52.2,54.2,14,13.8,14.4,,,,,,
Côte d'Ivoire,2012,52.9,52,53.9,14,13.8,14.4,,,,,,
Côte d'Ivoire,2011,52.9,51.9,54,14.1,13.8,14.4,,,,,,
Côte d'Ivoire,2010,52.5,51.6,53.5,14,13.8,14.3,46.2,45.6,46.9,10.4,10.2,10.6
Côte d'Ivoire,2009,52.1,51.3,53.1,13.9,13.7,14.2,,,,,,
Côte d'Ivoire,2008,51.9,51,53,13.9,13.7,14.2,,,,,,
Côte d'Ivoire,2007,51.2,50.4,52.3,13.8,13.6,14.1,,,,,,
Côte d'Ivoire,2006,50.7,49.8,51.8,13.6,13.4,13.9,,,,,,
Côte d'Ivoire,2005,50.1,49.1,51.1,13.4,13.1,13.7,44.1,43.5,44.8,9.9,9.6,10.1
Côte d'Ivoire,2004,49.4,48.5,50.4,13.1,12.9,13.5,,,,,,
Côte d'Ivoire,2003,49.1,48.2,50.2,13,12.8,13.4,,,,,,
Côte d'Ivoire,2002,49,48,50.2,13,12.8,13.4,,,,,,
Côte d'Ivoire,2001,49.2,48.2,50.2,13.1,12.9,13.4,,,,,,
Côte d'Ivoire,2000,49.2,48.3,50.2,13.2,13,13.5,43.1,42.5,43.8,9.6,9.4,9.8
Croatia,2016,78.3,75,81.5,21.5,19,23.6,69,66.4,71.7,16.3,14.4,18
Croatia,2015,77.5,74.3,80.6,20.9,18.5,23,68.4,65.8,71,15.9,14,17.5
Croatia,2014,78,74.7,81.2,21.4,18.9,23.4,,,,,,
Croatia,2013,77.8,74.5,81.1,21.3,18.8,23.5,,,,,,
Croatia,2012,77.3,73.9,80.7,21,18.5,23.1,,,,,,
Croatia,2011,77.2,73.8,80.4,20.9,18.5,22.9,,,,,,
Croatia,2010,76.7,73.4,79.9,20.5,18.1,22.5,67.9,65.1,70.4,15.6,13.8,17.1
Croatia,2009,76.3,72.8,79.7,20.3,18,22.3,,,,,,
Croatia,2008,76,72.4,79.5,20.2,17.8,22.3,,,,,,
Croatia,2007,75.8,72.3,79.3,20,17.6,22.1,,,,,,
Croatia,2006,75.9,72.4,79.4,20.1,17.7,22,,,,,,
Croatia,2005,75.3,71.7,78.8,19.5,17.1,21.5,66.6,63.8,69.5,14.8,13,16.4
Croatia,2004,75.5,71.9,79,19.7,17.1,21.8,,,,,,
Croatia,2003,74.8,71.2,78.3,19.1,16.7,21.2,,,,,,
Croatia,2002,74.9,71.2,78.5,19.3,16.9,21.4,,,,,,
Croatia,2001,74.8,71.1,78.4,19.4,17,21.3,,,,,,
Croatia,2000,74.4,70.7,78,19.1,16.8,21,65.9,63,68.8,14.4,12.7,15.9
Cuba,2016,79,76.8,81.3,22.7,21.2,24.2,69.9,68.4,71.4,17.7,16.7,18.8
Cuba,2015,78.8,76.6,81,22.5,21,24,69.6,68.2,71.1,17.6,16.5,18.6
Cuba,2014,78.6,76.5,80.9,22.4,20.9,23.9,,,,,,
Cuba,2013,78.8,76.6,81,22.6,21.1,24.1,,,,,,
Cuba,2012,78.8,76.6,81.1,22.7,21.2,24.2,,,,,,
Cuba,2011,78.8,76.8,81,22.6,21.1,24,,,,,,
Cuba,2010,78,75.9,80.2,21.9,20.4,23.4,69,67.7,70.4,17.1,16.1,18.1
Cuba,2009,78.2,76.2,80.3,22.2,20.7,23.6,,,,,,
Cuba,2008,78,76,80,22,20.6,23.4,,,,,,
Cuba,2007,78.2,76.1,80.3,22.2,20.9,23.6,,,,,,
Cuba,2006,78,75.9,80.2,22.1,20.6,23.6,,,,,,
Cuba,2005,77.1,75.1,79.3,21.5,20,22.9,68.3,67,69.6,16.7,15.8,17.6
Cuba,2004,77.4,75.3,79.5,21.7,20.3,23.2,,,,,,
Cuba,2003,77.4,75.4,79.5,21.9,20.5,23.3,,,,,,
Cuba,2002,77.7,75.5,80,22.3,20.8,23.8,,,,,,
Cuba,2001,76.6,74.5,78.7,21.3,19.9,22.7,,,,,,
Cuba,2000,76.6,74.5,79,21.5,20,23,67.7,66.4,69.1,16.7,15.7,17.7
Cyprus,2016,80.7,78.4,83.1,22.8,21,24.7,73.3,71.9,74.8,18.8,17.4,20.2
Cyprus,2015,80.5,78.2,82.9,22.7,20.9,24.5,73.1,71.7,74.6,18.6,17.2,20
Cyprus,2014,80.2,78,82.5,22.6,20.8,24.3,,,,,,
Cyprus,2013,80.3,77.7,82.9,22.6,20.7,24.5,,,,,,
Cyprus,2012,80,77.8,82.2,22.2,20.6,23.8,,,,,,
Cyprus,2011,80.1,78.2,82,22.5,21,23.8,,,,,,
Cyprus,2010,79.8,77.3,82.3,22.4,20.6,24.1,72.4,70.8,74,18.2,16.8,19.5
Cyprus,2009,79.5,77.1,82,22.2,20.6,23.8,,,,,,
Cyprus,2008,79.3,77.1,81.5,22,20.4,23.5,,,,,,
Cyprus,2007,78.8,76.5,81.1,21.7,20.2,23,,,,,,
Cyprus,2006,79.1,77.2,81,21.8,20.4,23.1,,,,,,
Cyprus,2005,78,76,80.1,21.2,19.8,22.6,71.2,69.9,72.5,17.4,16.3,18.4
Cyprus,2004,78.4,75.9,80.9,21.4,19.7,23,,,,,,
Cyprus,2003,78.3,76.3,80.4,21.2,19.7,22.6,,,,,,
Cyprus,2002,78.2,76,80.5,21.3,19.7,22.8,,,,,,
Cyprus,2001,78.5,76.2,80.8,21.5,20.1,22.9,,,,,,
Cyprus,2000,77.4,75.3,79.7,20.8,19.2,22.3,70.5,69.2,71.9,16.9,15.8,18.1
Czechia,2016,79.2,76.2,82.1,22.1,19.8,24.1,69.3,67,71.6,16.6,14.9,18.2
Czechia,2015,78.6,75.7,81.5,21.6,19.4,23.6,68.8,66.6,71.1,16.2,14.5,17.7
Czechia,2014,78.9,75.8,81.9,21.9,19.6,23.9,,,,,,
Czechia,2013,78.3,75.3,81.3,21.5,19.3,23.5,,,,,,
Czechia,2012,78.2,75.1,81.1,21.4,19.2,23.4,,,,,,
Czechia,2011,77.9,74.8,81,21.3,19.1,23.3,,,,,,
Czechia,2010,77.6,74.5,80.7,21.1,18.8,23,68.1,65.6,70.5,15.8,14.1,17.3
Czechia,2009,77.4,74.2,80.4,20.9,18.7,22.8,,,,,,
Czechia,2008,77.3,74.1,80.4,21,18.7,22.9,,,,,,
Czechia,2007,77,73.8,80.2,20.7,18.5,22.7,,,,,,
Czechia,2006,76.8,73.5,79.9,20.5,18.3,22.4,,,,,,
Czechia,2005,76.1,72.9,79.3,20.1,17.8,21.9,67,64.4,69.4,15,13.3,16.5
Czechia,2004,76,72.6,79.4,20,17.7,22,,,,,,
Czechia,2003,75.5,72.2,78.8,19.6,17.3,21.6,,,,,,
Czechia,2002,75.6,72.2,78.9,19.7,17.4,21.7,,,,,,
Czechia,2001,75.4,72.1,78.6,19.6,17.4,21.5,,,,,,
Czechia,2000,75,71.6,78.4,19.3,16.9,21.3,66.2,63.6,68.9,14.6,12.8,16
Democratic People's Republic of Korea,2016,71.9,68.2,75.5,17.8,14.5,20.5,64.6,62.1,66.9,14.3,11.9,16.3
Democratic People's Republic of Korea,2015,71.8,68,75.2,17.7,14.5,20.4,64.4,61.9,66.6,14.2,11.9,16.1
Democratic People's Republic of Korea,2014,71.5,67.8,74.9,17.7,14.5,20.2,,,,,,
Democratic People's Republic of Korea,2013,71.2,67.5,74.5,17.6,14.4,20.1,,,,,,
Democratic People's Republic of Korea,2012,70.8,67.1,74.1,17.4,14.3,19.9,,,,,,
Democratic People's Republic of Korea,2011,70.2,66.6,73.5,17.2,14.1,19.6,,,,,,
Democratic People's Republic of Korea,2010,69.6,65.9,72.9,16.8,13.7,19.3,62.3,60.1,64.3,13.4,11.1,15.1
Democratic People's Republic of Korea,2009,69,65.4,72.3,16.5,13.4,19,,,,,,
Democratic People's Republic of Korea,2008,68.7,65.1,72,16.3,13.2,18.8,,,,,,
Democratic People's Republic of Korea,2007,68.6,64.9,71.9,16.3,13.1,18.7,,,,,,
Democratic People's Republic of Korea,2006,68.7,65,72,16.3,13.1,18.8,,,,,,
Democratic People's Republic of Korea,2005,68.7,64.9,72,16.4,13.1,18.8,61.5,59.3,63.4,13,10.7,14.7
Democratic People's Republic of Korea,2004,68.5,64.8,71.8,16.4,13.1,18.8,,,,,,
Democratic People's Republic of Korea,2003,68.2,64.4,71.5,16.4,13.2,18.8,,,,,,
Democratic People's Republic of Korea,2002,67.6,63.8,70.9,16.4,13.1,18.8,,,,,,
Democratic People's Republic of Korea,2001,66.5,62.6,70,16.3,12.9,18.6,,,,,,
Democratic People's Republic of Korea,2000,65.2,61,69,16,12.5,18.4,58.3,55.7,60.5,12.6,10.2,14.3
Democratic Republic of the Congo,2016,60.5,58.9,62,16.9,16.3,17.4,52.5,51.3,53.8,12.8,12.3,13.2
Democratic Republic of the Congo,2015,60.1,58.5,61.6,16.8,16.2,17.4,52.1,50.9,53.3,12.7,12.2,13.1
Democratic Republic of the Congo,2014,59.6,58.1,61.1,16.8,16.2,17.3,,,,,,
Democratic Republic of the Congo,2013,59.1,57.5,60.6,16.7,16.1,17.2,,,,,,
Democratic Republic of the Congo,2012,58.6,57.1,60.1,16.6,16,17.1,,,,,,
Democratic Republic of the Congo,2011,58.3,56.8,59.7,16.5,15.9,17,,,,,,
Democratic Republic of the Congo,2010,57.8,56.3,59.2,16.4,15.8,16.9,49.9,48.7,51,12.2,11.7,12.6
Democratic Republic of the Congo,2009,57.1,55.7,58.6,16.3,15.7,16.8,,,,,,
Democratic Republic of the Congo,2008,56.7,55.2,58.2,16.2,15.6,16.7,,,,,,
Democratic Republic of the Congo,2007,56.1,54.7,57.6,16.1,15.5,16.6,,,,,,
Democratic Republic of the Congo,2006,55.5,54,56.9,16,15.4,16.5,,,,,,
Democratic Republic of the Congo,2005,54.8,53.3,56.2,15.9,15.3,16.4,47.1,46,48.1,11.6,11.2,12
Democratic Republic of the Congo,2004,54,52.6,55.3,15.7,15.1,16.2,,,,,,
Democratic Republic of the Congo,2003,53.2,51.8,54.6,15.6,15,16.1,,,,,,
Democratic Republic of the Congo,2002,52.4,51,53.9,15.5,14.9,16,,,,,,
Democratic Republic of the Congo,2001,52.2,50.9,53.5,15.4,14.8,15.9,,,,,,
Democratic Republic of the Congo,2000,51.7,50.4,53,15.3,14.7,15.7,44.4,43.4,45.4,11.1,10.6,11.4
Denmark,2016,81.2,79.3,83.2,23.8,22.3,25.2,71.8,70.7,73,18.9,17.8,19.9
Denmark,2015,80.9,78.9,82.8,23.4,21.9,24.8,71.5,70.5,72.7,18.6,17.5,19.6
Denmark,2014,80.9,78.9,82.8,23.6,22,25,,,,,,
Denmark,2013,80.6,78.6,82.5,23.3,21.8,24.7,,,,,,
Denmark,2012,80.3,78.3,82.2,23.1,21.6,24.5,,,,,,
Denmark,2011,80,78,82,22.9,21.4,24.3,,,,,,
Denmark,2010,79.4,77.3,81.4,22.5,20.9,23.8,70.4,69.2,71.6,17.9,16.7,18.9
Denmark,2009,79.1,77.1,81.2,22.3,20.8,23.7,,,,,,
Denmark,2008,79,76.8,81.1,22.2,20.6,23.7,,,,,,
Denmark,2007,78.6,76.5,80.7,22,20.5,23.3,,,,,,
Denmark,2006,78.4,76.1,80.6,21.8,20.1,23.2,,,,,,
Denmark,2005,78.3,76.1,80.5,21.7,20,23.1,69.6,68.2,70.9,17.2,16,18.3
Denmark,2004,77.9,75.6,80.2,21.5,19.8,23.1,,,,,,
Denmark,2003,77.6,75.3,79.8,21.2,19.5,22.7,,,,,,
Denmark,2002,77.2,75,79.3,21,19.4,22.4,,,,,,
Denmark,2001,77.2,75,79.4,20.9,19.2,22.4,,,,,,
Denmark,2000,77.1,74.8,79.3,20.8,19.1,22.3,68.6,67.1,69.9,16.5,15.2,17.6
Djibouti,2016,63.8,62.2,65.5,17.6,16.9,18.3,56.6,55.3,57.9,13.7,13.1,14.2
Djibouti,2015,63.6,62,65.3,17.6,16.9,18.2,56.3,55,57.7,13.6,13.1,14.1
Djibouti,2014,63.1,61.4,64.9,17.5,16.9,18.2,,,,,,
Djibouti,2013,63,61.4,64.6,17.5,16.9,18.1,,,,,,
Djibouti,2012,62.6,61,64.2,17.5,16.9,18.1,,,,,,
Djibouti,2011,62.1,60.6,63.7,17.4,16.8,18,,,,,,
Djibouti,2010,61.6,60.1,63.2,17.3,16.7,17.9,54.3,53.1,55.5,13.2,12.7,13.6
Djibouti,2009,61,59.5,62.6,17.2,16.6,17.8,,,,,,
Djibouti,2008,60.3,58.8,61.9,17.1,16.5,17.7,,,,,,
Djibouti,2007,59.9,58.4,61.4,17,16.4,17.6,,,,,,
Djibouti,2006,59.3,57.8,60.8,17,16.3,17.5,,,,,,
Djibouti,2005,58.8,57.4,60.3,16.9,16.3,17.5,51.7,50.6,52.8,12.7,12.2,13.1
Djibouti,2004,58.2,56.8,59.7,16.8,16.2,17.4,,,,,,
Djibouti,2003,58,56.5,59.5,16.8,16.2,17.4,,,,,,
Djibouti,2002,57.8,56.3,59.4,16.8,16.2,17.4,,,,,,
Djibouti,2001,57.6,56.1,59.2,16.8,16.1,17.3,,,,,,
Djibouti,2000,57.4,55.8,59.1,16.7,16.1,17.3,50.4,49.2,51.6,12.4,11.9,12.7
Dominican Republic,2016,73.5,70.6,76.7,22,20.6,23.4,65.2,63.1,67.5,17.2,16.2,18.2
Dominican Republic,2015,73.3,70.3,76.4,21.9,20.5,23.3,64.9,62.8,67.2,17.1,16.1,18.1
Dominican Republic,2014,73,70.1,76.1,21.8,20.4,23.2,,,,,,
Dominican Republic,2013,72.8,69.8,75.9,21.7,20.4,23.1,,,,,,
Dominican Republic,2012,72.5,69.6,75.7,21.6,20.3,23,,,,,,
Dominican Republic,2011,72.3,69.4,75.4,21.6,20.3,22.9,,,,,,
Dominican Republic,2010,72,69.1,75.1,21.5,20.2,22.8,63.8,61.7,66.1,16.8,15.8,17.7
Dominican Republic,2009,71.7,68.9,74.8,21.4,20.2,22.8,,,,,,
Dominican Republic,2008,71.4,68.5,74.5,21.4,20.1,22.7,,,,,,
Dominican Republic,2007,71,68.2,74,21.3,20.1,22.6,,,,,,
Dominican Republic,2006,70.7,67.9,73.7,21.2,20,22.5,,,,,,
Dominican Republic,2005,70.4,67.6,73.3,21.1,20,22.4,62.4,60.4,64.5,16.4,15.6,17.3
Dominican Republic,2004,69.9,67.2,72.9,21,19.9,22.2,,,,,,
Dominican Republic,2003,70,67.3,73,21,19.9,22.2,,,,,,
Dominican Republic,2002,69.9,67.2,72.8,20.9,19.8,22.1,,,,,,
Dominican Republic,2001,69.8,67.1,72.7,20.8,19.7,22,,,,,,
Dominican Republic,2000,69.7,67.1,72.6,20.8,19.7,22,61.8,59.9,63.8,16.1,15.3,16.9
Ecuador,2016,76.5,74.1,78.9,22.8,21.5,23.9,67.9,66.1,69.7,17.8,16.9,18.7
Ecuador,2015,76.3,73.9,78.8,22.7,21.5,23.9,67.6,65.8,69.5,17.7,16.8,18.6
Ecuador,2014,76.3,73.8,78.8,22.8,21.6,24,,,,,,
Ecuador,2013,76.1,73.6,78.7,22.8,21.6,24,,,,,,
Ecuador,2012,75.7,73.1,78.4,22.7,21.5,23.9,,,,,,
Ecuador,2011,75.6,72.7,78.6,22.8,21.4,24.2,,,,,,
Ecuador,2010,75.3,72.5,78.3,22.8,21.5,24,66.8,64.7,69,17.7,16.8,18.5
Ecuador,2009,75.4,72.5,78.4,23,21.8,24.2,,,,,,
Ecuador,2008,74.9,71.9,78.2,22.8,21.4,24.1,,,,,,
Ecuador,2007,75,72.1,78.1,22.9,21.6,24.2,,,,,,
Ecuador,2006,74.7,71.8,77.6,22.7,21.4,24,,,,,,
Ecuador,2005,74.5,71.4,77.6,22.8,21.4,24.1,65.9,63.6,68.3,17.6,16.6,18.6
Ecuador,2004,74.6,71.7,77.7,22.9,21.5,24.2,,,,,,
Ecuador,2003,74.5,71.7,77.5,22.9,21.6,24.1,,,,,,
Ecuador,2002,73.7,70.8,76.7,22.2,21,23.5,,,,,,
Ecuador,2001,73.3,70.5,76.3,22,20.7,23.2,,,,,,
Ecuador,2000,72.7,69.8,75.7,21.5,20.3,22.8,64.3,62.2,66.6,16.6,15.7,17.5
Egypt,2016,70.5,68.2,73,16.9,15.5,18.1,61.1,59.9,62.4,12,11.3,12.7
Egypt,2015,70.3,68.1,72.6,16.6,15.2,17.8,60.8,59.7,62,11.8,11.1,12.4
Egypt,2014,70.6,68.3,73.1,17.1,15.7,18.4,,,,,,
Egypt,2013,70.7,68.2,73.3,17.4,16,18.8,,,,,,
Egypt,2012,69.9,67.6,72.4,16.9,15.5,18.2,,,,,,
Egypt,2011,70.1,67.6,72.7,17.3,15.9,18.7,,,,,,
Egypt,2010,69.7,67.5,72.1,17.1,15.7,18.4,60,58.9,61.3,12,11.3,12.7
Egypt,2009,69.7,67.4,72.2,17.2,15.7,18.5,,,,,,
Egypt,2008,69.8,67.4,72.2,17.2,15.7,18.5,,,,,,
Egypt,2007,69.8,67.4,72.2,17.2,15.7,18.6,,,,,,
Egypt,2006,69.7,67.3,72.1,17.2,15.7,18.5,,,,,,
Egypt,2005,69.6,67.3,72,17.2,15.7,18.5,59.7,58.6,60.9,11.9,11.2,12.6
Egypt,2004,69.3,67,71.8,17,15.5,18.4,,,,,,
Egypt,2003,68.9,66.6,71.4,16.8,15.3,18.2,,,,,,
Egypt,2002,69,66.7,71.5,17.1,15.6,18.5,,,,,,
Egypt,2001,69,66.6,71.4,17.3,15.7,18.8,,,,,,
Egypt,2000,69.2,66.8,71.7,17.7,16.1,19.2,59.1,57.9,60.3,12.1,11.3,12.9
El Salvador,2016,73.7,69,78.1,21.9,20.4,23.1,65.5,61.7,69,16.9,15.8,17.8
El Salvador,2015,73.4,68.7,77.9,21.8,20.3,22.9,65.2,61.4,68.7,16.8,15.7,17.6
El Salvador,2014,73.2,68.4,77.7,21.6,20.3,22.8,,,,,,
El Salvador,2013,73,68.2,77.4,21.5,20.2,22.7,,,,,,
El Salvador,2012,72.8,68.1,77.2,21.4,20.1,22.5,,,,,,
El Salvador,2011,72.5,67.8,76.9,21.3,20,22.4,,,,,,
El Salvador,2010,72.2,67.5,76.7,21.1,19.9,22.2,64.2,60.4,67.7,16.2,15.3,17
El Salvador,2009,71.8,67,76.2,20.9,19.7,22,,,,,,
El Salvador,2008,71.5,66.8,76,20.8,19.6,21.8,,,,,,
El Salvador,2007,71.2,66.5,75.6,20.6,19.4,21.6,,,,,,
El Salvador,2006,70.8,66.2,75.2,20.4,19.2,21.4,,,,,,
El Salvador,2005,70.4,65.8,74.8,20.2,19,21.2,62.6,58.9,66.1,15.5,14.7,16.2
El Salvador,2004,70.1,65.5,74.5,20,18.8,21,,,,,,
El Salvador,2003,69.8,65.2,74.2,19.8,18.6,20.8,,,,,,
El Salvador,2002,69.5,64.9,73.9,19.6,18.4,20.6,,,,,,
El Salvador,2001,68.6,64.1,73.1,19.3,18.1,20.4,,,,,,
El Salvador,2000,68.8,64.3,73.2,19.2,18,20.3,61.3,57.6,64.8,14.8,13.9,15.5
Equatorial Guinea,2016,59.5,57.9,61.7,16.8,16.2,17.5,53.8,52.5,55.3,13.6,12.9,14.4
Equatorial Guinea,2015,59.4,57.6,61.7,16.8,16.2,17.5,53.6,52.2,55.2,13.6,12.9,14.4
Equatorial Guinea,2014,59,57.2,61.1,16.8,16.1,17.5,,,,,,
Equatorial Guinea,2013,58.1,56.7,59.7,16.7,16,17.4,,,,,,
Equatorial Guinea,2012,57.5,56.5,58.6,16.6,16,17.3,,,,,,
Equatorial Guinea,2011,57.3,56.4,58.1,16.6,16,17.3,,,,,,
Equatorial Guinea,2010,57,55.8,58.2,16.6,15.9,17.3,51.2,50.4,52,13.5,12.9,14.2
Equatorial Guinea,2009,56.3,54.7,58.2,16.5,15.7,17.3,,,,,,
Equatorial Guinea,2008,55.9,54.1,57.9,16.4,15.6,17.3,,,,,,
Equatorial Guinea,2007,55.2,53.5,57.2,16.4,15.6,17.2,,,,,,
Equatorial Guinea,2006,54.9,53.1,56.9,16.3,15.5,17.2,,,,,,
Equatorial Guinea,2005,54.4,52.7,56.4,16.3,15.4,17.2,48.6,47.3,50.2,13,12.3,13.7
Equatorial Guinea,2004,54.1,52.2,56.1,16.2,15.4,17.1,,,,,,
Equatorial Guinea,2003,53.8,51.8,56,16.2,15.3,17.1,,,,,,
Equatorial Guinea,2002,53.5,51.5,55.8,16.2,15.3,17.1,,,,,,
Equatorial Guinea,2001,53.2,51.1,55.5,16.1,15.2,17,,,,,,
Equatorial Guinea,2000,52.8,50.7,55.2,16,15.1,16.9,47,45.3,48.9,12.5,11.8,13.1
Eritrea,2016,65,62.9,67.1,16.4,15.4,17.3,57.4,56,59,13.2,12.7,13.7
Eritrea,2015,64.6,62.5,66.7,16.3,15.3,17.2,57.1,55.7,58.6,13.2,12.7,13.6
Eritrea,2014,64.2,62.1,66.3,16.2,15.2,17.1,,,,,,
Eritrea,2013,63.7,61.8,65.8,16.1,15.2,17,,,,,,
Eritrea,2012,63.3,61.4,65.4,16.1,15.2,16.9,,,,,,
Eritrea,2011,62.9,60.9,64.9,16,15.2,16.7,,,,,,
Eritrea,2010,62.3,60.3,64.4,15.9,15.1,16.6,55.3,54,56.7,13,12.8,13.3
Eritrea,2009,61.8,59.8,64,15.8,15.1,16.4,,,,,,
Eritrea,2008,61.3,59.2,63.4,15.7,15.1,16.3,,,,,,
Eritrea,2007,60.8,58.8,62.8,15.6,15,16.2,,,,,,
Eritrea,2006,60.1,58.3,62,15.5,14.9,16,,,,,,
Eritrea,2005,59.4,57.8,61.1,15.4,14.7,15.9,52.9,51.8,54,12.8,12.6,12.9
Eritrea,2004,58.7,57.3,60.1,15.2,14.6,15.8,,,,,,
Eritrea,2003,58.1,56.9,59.4,15.1,14.5,15.8,,,,,,
Eritrea,2002,57.7,56.5,58.9,15.1,14.5,15.8,,,,,,
Eritrea,2001,57.3,56,58.5,15.1,14.5,15.7,,,,,,
Eritrea,2000,43.9,38.5,51.1,14.6,13.8,15.4,39.6,35,45.5,12.3,12,12.6
Estonia,2016,77.8,73,82.1,22.2,18.8,24.8,68.2,64.6,71.4,16.9,14.3,18.9
Estonia,2015,77.7,73,81.8,22,18.6,24.4,68,64.5,71.1,16.7,14.2,18.6
Estonia,2014,77.2,72.2,81.6,21.8,18.2,24.3,,,,,,
Estonia,2013,77.1,72.4,81.4,21.6,18.1,24.2,,,,,,
Estonia,2012,76.5,71.3,81.3,21.5,17.9,24.1,,,,,,
Estonia,2011,76.3,71.2,81,21.5,18,24,,,,,,
Estonia,2010,75.9,70.9,80.5,20.8,17.4,23.3,66.7,62.8,70.1,15.9,13.3,17.8
Estonia,2009,75.2,69.9,80.1,20.7,17.2,23.3,,,,,,
Estonia,2008,74.4,69,79.5,20.3,16.7,22.9,,,,,,
Estonia,2007,73.3,67.5,79,19.9,16.3,22.7,,,,,,
Estonia,2006,73.2,67.7,78.6,19.8,16.2,22.4,,,,,,
Estonia,2005,73,67.5,78.4,19.6,16.1,22.3,64.4,60.1,68.4,15,12.3,17.1
Estonia,2004,72.4,66.7,78.2,19.3,15.8,22,,,,,,
Estonia,2003,72.1,66.6,77.4,19,15.6,21.6,,,,,,
Estonia,2002,71.3,65.6,77.1,19,15.6,21.5,,,,,,
Estonia,2001,70.9,65.2,76.6,18.9,15.5,21.5,,,,,,
Estonia,2000,70.9,65.5,76.2,18.7,15.5,21.1,62.6,58.4,66.6,14.3,11.8,16.1
Eswatini,2016,57.7,55.1,59.9,16,14.6,17,50.2,47.8,52.2,11.5,10.1,12.5
Eswatini,2015,57.3,54.8,59.6,16,14.7,17,49.9,47.5,51.9,11.5,10.2,12.5
Eswatini,2014,56.8,54.1,59.1,15.9,14.6,17,,,,,,
Eswatini,2013,56,53.2,58.4,15.9,14.6,17,,,,,,
Eswatini,2012,54.9,52.2,57.3,15.9,14.6,16.9,,,,,,
Eswatini,2011,53.8,51.1,56.1,15.9,14.6,16.9,,,,,,
Eswatini,2010,51.5,48.9,53.8,15.8,14.5,16.8,44.2,42.1,46.2,11.2,9.9,12.2
Eswatini,2009,50.2,47.8,52.4,15.7,14.4,16.7,,,,,,
Eswatini,2008,48.7,46.6,50.7,15.6,14.3,16.6,,,,,,
Eswatini,2007,47.4,46.1,48.5,15.5,14.3,16.4,,,,,,
Eswatini,2006,45.6,44.4,46.5,15.3,14.2,16.2,,,,,,
Eswatini,2005,44.3,43.1,45.3,15.2,14.1,16.1,38.5,37.6,39.3,10.8,9.8,11.6
Eswatini,2004,44.2,42.9,45.4,15.1,14.1,16,,,,,,
Eswatini,2003,44.8,43.3,46.2,15.2,14.1,16,,,,,,
Eswatini,2002,45.7,44,47.3,15.2,14.2,16.1,,,,,,
Eswatini,2001,47,45,48.7,15.2,14.2,16.2,,,,,,
Eswatini,2000,48.6,46.5,50.6,15.3,14.3,16.3,42.3,40.6,43.9,11.1,10.2,11.9
Ethiopia,2016,65.5,63.7,67.3,18.1,17.4,18.8,57.5,56.1,58.9,13.5,13,14
Ethiopia,2015,65,63.3,66.8,18.1,17.4,18.7,57,55.6,58.4,13.4,12.9,13.9
Ethiopia,2014,64.5,62.8,66.3,18,17.3,18.7,,,,,,
Ethiopia,2013,64,62.2,65.7,17.9,17.3,18.6,,,,,,
Ethiopia,2012,63.4,61.6,65.2,17.9,17.2,18.5,,,,,,
Ethiopia,2011,62.6,60.8,64.3,17.8,17.1,18.4,,,,,,
Ethiopia,2010,61.6,60,63.3,17.6,17,18.3,54,52.6,55.3,13,12.5,13.4
Ethiopia,2009,60.6,58.9,62.2,17.5,16.8,18.1,,,,,,
Ethiopia,2008,59.4,57.9,61,17.3,16.7,17.9,,,,,,
Ethiopia,2007,58.1,56.7,59.6,17.1,16.5,17.7,,,,,,
Ethiopia,2006,56.7,55.4,58.1,16.9,16.3,17.5,,,,,,
Ethiopia,2005,55.5,54.2,56.8,16.7,16.1,17.3,48.6,47.7,49.6,12.2,11.8,12.6
Ethiopia,2004,54.3,53,55.6,16.5,15.9,17.1,,,,,,
Ethiopia,2003,53.3,52.1,54.6,16.3,15.7,16.9,,,,,,
Ethiopia,2002,52.6,51.4,53.9,16.2,15.6,16.8,,,,,,
Ethiopia,2001,52.1,50.8,53.4,16,15.4,16.6,,,,,,
Ethiopia,2000,50.8,49.2,52.5,15.8,15.2,16.5,44.5,43.3,45.9,11.5,11.1,11.9
Fiji,2016,69.9,67.1,73.1,17.2,15.4,19.1,61.3,59.6,63.3,12.7,11.6,13.9
Fiji,2015,69.8,67,73,17.2,15.4,19,61.2,59.4,63.1,12.7,11.5,13.8
Fiji,2014,69.7,66.9,72.8,17.1,15.4,18.9,,,,,,
Fiji,2013,69.5,66.8,72.6,17,15.3,18.9,,,,,,
Fiji,2012,69.4,66.6,72.5,17,15.3,18.8,,,,,,
Fiji,2011,69.3,66.6,72.4,16.9,15.2,18.7,,,,,,
Fiji,2010,69.1,66.4,72.2,16.9,15.2,18.7,60.4,58.7,62.4,12.3,11.3,13.5
Fiji,2009,68.9,66.2,72,16.8,15.1,18.6,,,,,,
Fiji,2008,68.7,66.1,71.8,16.7,15,18.5,,,,,,
Fiji,2007,68.6,65.9,71.7,16.6,15,18.4,,,,,,
Fiji,2006,68.4,65.8,71.5,16.5,14.9,18.3,,,,,,
Fiji,2005,68.3,65.7,71.2,16.4,14.8,18.1,59.7,58.1,61.6,12,11,13.1
Fiji,2004,68.1,65.6,71,16.3,14.8,18,,,,,,
Fiji,2003,67.9,65.5,70.8,16.2,14.7,17.8,,,,,,
Fiji,2002,67.9,65.4,70.6,16.1,14.7,17.7,,,,,,
Fiji,2001,67.8,65.4,70.5,16.1,14.6,17.5,,,,,,
Fiji,2000,67.7,65.3,70.3,16,14.6,17.4,59.1,57.5,60.8,11.7,10.8,12.6
Finland,2016,81.4,78.7,84.2,24.2,22.2,26.1,71.7,69.8,73.5,19,17.4,20.4
Finland,2015,81.4,78.6,84.2,24.1,22,26,71.6,69.7,73.5,18.9,17.3,20.3
Finland,2014,81.1,78.2,83.9,24,21.9,25.9,,,,,,
Finland,2013,80.9,77.9,83.9,24,21.8,26,,,,,,
Finland,2012,80.6,77.6,83.5,23.8,21.6,25.7,,,,,,
Finland,2011,80.5,77.3,83.6,23.8,21.5,25.8,,,,,,
Finland,2010,80,76.8,83.2,23.5,21.1,25.5,70.4,68,72.6,18.2,16.4,19.8
Finland,2009,79.9,76.6,83.2,23.5,21,25.6,,,,,,
Finland,2008,79.8,76.5,83.1,23.5,21.2,25.5,,,,,,
Finland,2007,79.5,76,83,23.3,20.8,25.4,,,,,,
Finland,2006,79.5,75.9,82.9,23.2,20.7,25.3,,,,,,
Finland,2005,79.2,75.8,82.5,23,20.6,25.1,69.6,67.1,72,17.8,16,19.4
